lineup,mp,diff_pts,diff_fg,diff_fga,diff_fg_pct,diff_fg3,diff_fg3a,diff_fg3_pct,diff_efg_pct,diff_ft,diff_fta,diff_ft_pct,diff_orb,diff_orb_pct,diff_drb,diff_drb_pct,diff_trb,diff_trb_pct,diff_ast,diff_stl,diff_blk,diff_tov,diff_pf,player_ids,number_players,year,team
P. Brown | J. Magloire | J. Mashburn | D. Wesley NOH 2003,1465.15,3.4,0.4,2.3,-0.006999999999999999,1.4,3.0,0.019,0.0,1.2,0.5,0.035,2.9,6.2,2.6,6.2,2.7,5.9,2.2,0.2,-1.2,0.5,0.4,"brownpj01, magloja01, mashbja01, wesleda01",4,2003,NOH
P. Brown | B. Davis | J. Magloire | J. Mashburn NOH 2003,983.2166666666667,6.4,1.6,2.5,0.005,2.7,5.1,0.05,0.019,0.5,0.1,0.021,3.2,6.7,2.7,6.7,2.9,6.4,2.5,-0.2,-1.4,0.4,0.5,"brownpj01, davisba01, magloja01, mashbja01",4,2003,NOH
P. Brown | B. Davis | J. Mashburn | D. Wesley NOH 2003,887.7166666666667,5.7,1.3,2.8,0.001,1.8,4.5,0.013000000000000001,0.011000000000000001,1.2,1.0,0.016,2.0,3.8,1.0,3.8,1.4,3.1,2.1,1.1,-1.7,-1.5,0.0,"brownpj01, davisba01, mashbja01, wesleda01",4,2003,NOH
B. Davis | J. Magloire | J. Mashburn | D. Wesley NOH 2003,844.7,5.7,0.9,2.7,-0.003,2.2,4.7,0.033,0.009000000000000001,1.5,1.4,0.02,1.9,3.7,1.1,3.7,1.5,3.2,2.1,0.9,-2.0,-1.2,0.0,"davisba01, magloja01, mashbja01, wesleda01",4,2003,NOH
P. Brown | B. Davis | J. Magloire | D. Wesley NOH 2003,758.0666666666667,8.7,2.3,3.4,0.009000000000000001,2.5,5.0,0.040999999999999995,0.022000000000000002,1.5,1.1,0.028999999999999998,2.1,4.5,1.9,4.5,1.9,4.2,3.0,1.4,-1.8,-1.8,0.2,"brownpj01, davisba01, magloja01, wesleda01",4,2003,NOH
P. Brown | G. Lynch | J. Magloire | J. Mashburn NOH 2003,541.7166666666667,9.9,2.6,4.8,0.004,1.4,3.4,0.004,0.01,3.3,3.9,0.009000000000000001,8.3,15.6,5.1,15.6,6.7,14.2,4.5,-1.0,-0.8,1.5,-1.0,"brownpj01, lynchge01, magloja01, mashbja01",4,2003,NOH
G. Lynch | J. Magloire | J. Mashburn | D. Wesley NOH 2003,529.7,4.5,0.1,1.7,-0.006999999999999999,-0.3,2.5,-0.086,-0.009000000000000001,4.6,5.7,0.006999999999999999,5.6,10.8,3.9,10.8,4.8,10.0,3.2,0.4,-0.9,1.6,-1.4,"lynchge01, magloja01, mashbja01, wesleda01",4,2003,NOH
P. Brown | G. Lynch | J. Mashburn | D. Wesley NOH 2003,433.8333333333333,6.7,0.6,3.5,-0.01,0.5,2.1,-0.021,-0.008,5.0,5.5,0.027000000000000003,8.1,15.2,4.8,15.2,6.5,13.9,4.2,0.6,-0.4,2.0,-0.8,"brownpj01, lynchge01, mashbja01, wesleda01",4,2003,NOH
P. Brown | G. Lynch | J. Magloire | D. Wesley NOH 2003,378.53333333333336,8.2,0.9,1.4,0.003,0.8,2.9,-0.023,0.006999999999999999,5.6,6.2,0.040999999999999995,5.8,11.8,4.9,11.8,5.3,11.3,3.9,0.6,-0.1,1.1,-1.5,"brownpj01, lynchge01, magloja01, wesleda01",4,2003,NOH
C. Alexander | P. Brown | J. Mashburn | D. Wesley NOH 2003,279.1166666666667,-8.5,-2.8,1.1,-0.038,-0.1,-1.0,0.02,-0.039,-2.9,-4.3,0.015,-1.8,-2.7,0.3,-2.7,-0.9,-2.2,-0.5,-1.7,-0.6,0.9,0.5,"alexaco02, brownpj01, mashbja01, wesleda01",4,2003,NOH
C. Alexander | P. Brown | J. Magloire | J. Mashburn NOH 2003,275.18333333333334,-3.2,-1.3,-2.3,-0.003,0.9,1.9,0.021,0.003,-1.5,-1.0,-0.027000000000000003,-1.5,1.0,4.8,1.0,1.6,3.6,2.4,-1.9,0.4,2.0,0.4,"alexaco02, brownpj01, magloja01, mashbja01",4,2003,NOH
C. Alexander | J. Magloire | J. Mashburn | D. Wesley NOH 2003,240.75,-11.9,-3.7,1.4,-0.048,-0.1,0.6,-0.025,-0.049,-4.4,-4.1,-0.039,-1.4,-2.7,-0.6,-2.7,-1.2,-2.8,-1.5,-3.4,0.6,1.9,0.3,"alexaco02, magloja01, mashbja01, wesleda01",4,2003,NOH
B. Davis | G. Lynch | J. Magloire | J. Mashburn NOH 2003,237.21666666666667,3.0,-1.2,-0.4,-0.011000000000000001,2.7,3.5,0.084,0.004,2.6,3.2,0.009000000000000001,3.3,5.6,1.1,5.6,2.1,4.5,3.7,-1.5,-1.8,2.8,0.4,"davisba01, lynchge01, magloja01, mashbja01",4,2003,NOH
P. Brown | B. Davis | G. Lynch | J. Mashburn NOH 2003,192.01666666666668,7.0,1.6,2.0,0.006999999999999999,2.6,5.0,0.046,0.02,1.2,3.0,-0.048,8.1,16.1,6.0,16.1,7.1,15.5,5.6,-2.9,0.0,2.9,-0.3,"brownpj01, davisba01, lynchge01, mashbja01",4,2003,NOH
C. Alexander | P. Brown | J. Magloire | D. Wesley NOH 2003,186.58333333333334,-3.8,-1.5,1.5,-0.024,0.7,0.5,0.04,-0.021,-1.5,-1.8,-0.006999999999999999,-1.5,-0.5,2.9,-0.5,0.4,1.0,3.0,-1.0,1.3,0.8,0.7,"alexaco02, brownpj01, magloja01, wesleda01",4,2003,NOH
C. Alexander | P. Brown | B. Davis | J. Mashburn NOH 2003,180.35,-4.3,-7.8,-9.9,-0.045,2.5,8.7,-0.013000000000000001,-0.027999999999999997,8.8,7.1,0.11800000000000001,-2.0,-4.2,-2.3,-4.2,-2.0,-4.1,-5.3,-1.6,-0.1,1.7,-2.4,"alexaco02, brownpj01, davisba01, mashbja01",4,2003,NOH
P. Brown | J. Mashburn | R. Traylor | D. Wesley NOH 2003,175.93333333333334,-4.2,0.3,8.5,-0.039,-2.2,-5.5,-0.034,-0.054000000000000006,-2.5,-2.1,-0.027999999999999997,7.8,12.2,0.6,12.2,4.4,9.9,1.0,-1.7,-0.1,2.2,0.3,"brownpj01, mashbja01, traylro01, wesleda01",4,2003,NOH
S. Augmon | J. Magloire | J. Mashburn | D. Wesley NOH 2003,164.31666666666666,5.6,4.0,0.9,0.040999999999999995,1.4,-1.8,0.125,0.048,-3.8,-3.4,-0.049,0.1,2.1,3.3,2.1,1.8,3.9,6.2,-1.7,1.6,-1.2,-0.2,"augmost01, magloja01, mashbja01, wesleda01",4,2003,NOH
P. Brown | B. Davis | G. Lynch | J. Magloire NOH 2003,159.4,4.9,1.7,3.8,-0.001,3.1,5.2,0.073,0.015,-1.7,-1.4,-0.031,7.3,13.3,3.5,13.3,5.4,12.0,4.5,-3.5,-0.7,4.2,0.9,"brownpj01, davisba01, lynchge01, magloja01",4,2003,NOH
P. Brown | E. Campbell | J. Mashburn | D. Wesley NOH 2003,156.41666666666666,-6.1,-4.3,-4.3,-0.027000000000000003,0.1,-0.8,0.021,-0.025,2.4,0.4,0.067,-2.6,-7.0,-4.5,-7.0,-3.4,-7.6,1.7,0.9,-2.5,-1.9,1.0,"brownpj01, campbel01, mashbja01, wesleda01",4,2003,NOH
P. Brown | B. Davis | J. Magloire | D. Wesley NOH 2004,1032.5833333333333,-2.5,-1.5,-0.1,-0.016,-0.2,2.1,-0.042,-0.017,0.6,2.6,-0.059000000000000004,0.3,0.1,-0.7,0.1,-0.3,-0.6,-1.6,2.5,-1.4,-1.0,-0.4,"brownpj01, davisba01, magloja01, wesleda01",4,2004,NOH
P. Brown | B. Davis | G. Lynch | J. Magloire NOH 2004,921.8666666666667,-0.5,-0.7,1.3,-0.013999999999999999,0.1,3.3,-0.045,-0.013999999999999999,0.8,3.1,-0.073,0.9,0.3,-1.8,0.3,-0.4,-0.8,-1.1,2.8,-1.9,-2.8,-0.7,"brownpj01, davisba01, lynchge01, magloja01",4,2004,NOH
P. Brown | G. Lynch | J. Magloire | D. Wesley NOH 2004,810.3333333333334,-1.5,-0.7,0.7,-0.011000000000000001,-0.9,1.2,-0.065,-0.016,0.8,2.6,-0.054000000000000006,0.4,-0.1,-1.4,-0.1,-0.4,-0.9,-1.4,2.8,-1.6,-1.8,-0.6,"brownpj01, lynchge01, magloja01, wesleda01",4,2004,NOH
P. Brown | B. Davis | G. Lynch | D. Wesley NOH 2004,791.55,0.0,0.1,0.6,-0.002,-0.1,2.1,-0.036000000000000004,-0.003,-0.1,2.2,-0.083,0.1,-0.4,-0.8,-0.4,-0.4,-0.8,-1.0,3.3,-1.9,-2.1,-0.8,"brownpj01, davisba01, lynchge01, wesleda01",4,2004,NOH
B. Davis | G. Lynch | J. Magloire | D. Wesley NOH 2004,780.05,-3.8,-1.6,0.9,-0.021,-0.6,2.3,-0.07,-0.025,0.0,2.5,-0.096,0.3,-1.3,-3.0,-1.3,-1.4,-2.8,-2.0,3.0,-2.0,-2.2,-0.5,"davisba01, lynchge01, magloja01, wesleda01",4,2004,NOH
D. Armstrong | P. Brown | B. Davis | J. Magloire NOH 2004,596.7666666666667,1.2,-0.7,3.3,-0.024,3.1,9.2,0.008,-0.008,-0.5,-0.7,0.001,0.6,-0.1,-1.5,-0.1,-0.6,-1.2,0.8,0.2,-2.0,-1.7,0.0,"armstda01, brownpj01, davisba01, magloja01",4,2004,NOH
S. Augmon | P. Brown | B. Davis | J. Magloire NOH 2004,360.6166666666667,-8.4,-5.2,-5.7,-0.028999999999999998,-1.4,-2.6,-0.027000000000000003,-0.035,3.4,4.8,-0.009000000000000001,0.9,2.8,2.2,2.8,1.7,3.8,-4.6,-1.7,0.2,4.7,-0.5,"augmost01, brownpj01, davisba01, magloja01",4,2004,NOH
D. Armstrong | S. Augmon | P. Brown | J. Magloire NOH 2004,359.1666666666667,-4.1,-8.1,-5.2,-0.067,1.1,1.8,0.031,-0.059000000000000004,10.9,10.2,0.127,-0.5,-2.0,-2.1,-2.0,-1.1,-2.5,-4.1,0.5,0.5,0.2,-3.2,"armstda01, augmost01, brownpj01, magloja01",4,2004,NOH
P. Brown | B. Davis | J. Magloire | J. Mashburn NOH 2004,358.1666666666667,4.9,0.6,-0.3,0.008,2.4,4.4,0.037000000000000005,0.021,1.3,2.8,-0.040999999999999995,-0.4,0.4,1.6,0.4,0.4,0.8,-3.6,-0.3,-2.8,-0.8,-0.9,"brownpj01, davisba01, magloja01, mashbja01",4,2004,NOH
D. Armstrong | P. Brown | G. Lynch | J. Magloire NOH 2004,323.65,-2.7,-1.7,2.7,-0.031,-0.6,3.1,-0.079,-0.036000000000000004,1.3,0.0,0.055,2.6,4.6,1.3,4.6,2.1,4.4,1.4,-0.7,-1.9,0.0,0.7,"armstda01, brownpj01, lynchge01, magloja01",4,2004,NOH
D. Armstrong | P. Brown | J. Magloire | D. Wesley NOH 2004,307.6166666666667,2.4,-0.2,3.8,-0.02,3.2,6.0,0.057,-0.004,-0.4,-4.0,0.094,-0.1,-0.4,-0.4,-0.4,-0.6,-1.3,4.7,0.0,-1.4,-0.7,0.2,"armstda01, brownpj01, magloja01, wesleda01",4,2004,NOH
S. Augmon | P. Brown | J. Magloire | D. Wesley NOH 2004,282.55,3.4,-2.3,-5.7,0.003,-0.2,-3.9,0.043,0.004,8.1,7.2,0.111,1.1,4.1,3.8,4.1,2.4,5.2,1.8,-0.5,1.0,2.8,-1.6,"augmost01, brownpj01, magloja01, wesleda01",4,2004,NOH
D. Armstrong | P. Brown | J. Magloire | J. Mashburn NOH 2004,281.6,-0.3,-2.4,-2.6,-0.013000000000000001,2.0,5.8,-0.015,-0.001,2.4,3.7,-0.025,-1.1,-2.2,-0.6,-2.2,-1.2,-2.6,-2.6,0.1,-2.8,0.1,-1.9,"armstda01, brownpj01, magloja01, mashbja01",4,2004,NOH
D. Armstrong | P. Brown | B. Davis | G. Lynch NOH 2004,237.38333333333333,6.6,0.3,5.3,-0.022000000000000002,2.5,7.2,0.016,-0.01,3.5,3.7,0.033,4.3,6.4,0.5,6.4,2.7,5.6,2.3,1.7,-2.2,-4.0,-0.6,"armstda01, brownpj01, davisba01, lynchge01",4,2004,NOH
D. Armstrong | B. Davis | G. Lynch | J. Magloire NOH 2004,214.73333333333332,0.2,-2.5,-1.0,-0.023,1.7,7.7,-0.018000000000000002,-0.013000000000000001,3.5,4.7,-0.002,2.7,4.8,1.2,4.8,2.0,4.2,2.2,-1.0,-1.2,-1.2,-1.0,"armstda01, davisba01, lynchge01, magloja01",4,2004,NOH
S. Augmon | B. Davis | J. Magloire | D. Wesley NOH 2004,209.61666666666667,-9.5,-5.6,-5.9,-0.034,-3.1,-2.6,-0.125,-0.05,4.9,4.1,0.073,1.8,5.5,4.1,5.5,2.9,6.4,-2.6,-0.8,1.0,5.1,-1.0,"augmost01, davisba01, magloja01, wesleda01",4,2004,NOH
D. Armstrong | P. Brown | B. Davis | J. Mashburn NOH 2004,205.65,7.9,3.1,5.2,0.009000000000000001,1.6,6.5,-0.036000000000000004,0.016,0.1,-2.1,0.06,2.7,5.1,2.0,5.1,2.1,4.3,-1.5,-1.6,-2.4,-0.6,0.5,"armstda01, brownpj01, davisba01, mashbja01",4,2004,NOH
D. Armstrong | B. Davis | J. Magloire | J. Mashburn NOH 2004,205.08333333333334,4.9,0.6,2.1,-0.003,2.3,7.7,-0.035,0.008,1.4,1.2,0.02,0.0,-0.9,-1.3,-0.9,-1.0,-2.1,-1.1,0.0,-3.4,-1.3,-0.1,"armstda01, davisba01, magloja01, mashbja01",4,2004,NOH
D. Armstrong | P. Brown | J. Magloire | S. Smith NOH 2004,199.4,4.4,0.2,2.1,-0.009000000000000001,4.1,6.6,0.11599999999999999,0.013999999999999999,-0.1,-1.4,0.034,-2.6,-3.8,0.7,-3.8,-1.4,-3.0,1.3,-0.3,0.2,-2.2,-1.8,"armstda01, brownpj01, magloja01, smithst01",4,2004,NOH
S. Augmon | P. Brown | J. Magloire | J. Mashburn NOH 2004,185.55,-7.2,-5.5,-4.6,-0.037000000000000005,1.9,0.4,0.12,-0.025,1.9,3.8,-0.053,-1.4,-3.2,-1.9,-3.2,-1.3,-2.8,-7.1,-1.4,-2.5,1.6,-1.0,"augmost01, brownpj01, magloja01, mashbja01",4,2004,NOH
P. Brown | D. Dickau | L. Nailon | J. Smith NOH 2005,590.3333333333334,-14.4,-2.3,4.6,-0.049,-1.2,-0.9,-0.057,-0.057,-8.7,-8.5,-0.07400000000000001,2.1,1.7,-2.3,1.7,-0.1,-0.3,-0.3,-1.6,-2.4,2.7,3.7,"brownpj01, dickada01, nailole01, smithjr01",4,2005,NOH
P. Brown | D. Dickau | R. Rogers | J. Smith NOH 2005,278.01666666666665,-13.4,-3.5,2.2,-0.049,1.6,2.2,0.034,-0.042,-8.0,-11.8,0.048,0.6,-2.2,-4.7,-2.2,-2.1,-4.5,-0.1,-1.8,-3.0,4.0,5.0,"brownpj01, dickada01, rogerro01, smithjr01",4,2005,NOH
P. Brown | D. Dickau | J. Smith | J. Vroman NOH 2005,276.98333333333335,-9.0,-1.5,5.1,-0.045,0.0,2.7,-0.07200000000000001,-0.047,-5.9,-5.2,-0.068,3.8,5.7,-0.5,5.7,1.7,3.8,0.7,-2.9,-2.5,2.9,4.0,"brownpj01, dickada01, smithjr01, vromaja01",4,2005,NOH
P. Brown | L. Nailon | R. Rogers | J. Smith NOH 2005,258.28333333333336,-14.3,-3.8,7.3,-0.077,1.0,1.8,0.019,-0.07400000000000001,-7.7,-10.1,0.009000000000000001,3.4,0.0,-9.2,0.0,-2.7,-5.6,-3.0,0.5,-2.4,-0.6,4.6,"brownpj01, nailole01, rogerro01, smithjr01",4,2005,NOH
P. Brown | L. Nailon | J. Smith | J. Vroman NOH 2005,246.31666666666666,-8.6,-1.8,0.7,-0.024,-2.7,-2.1,-0.149,-0.04,-2.3,-0.4,-0.076,1.2,2.5,0.9,2.5,1.0,2.2,-1.7,-1.9,-2.0,2.8,2.6,"brownpj01, nailole01, smithjr01, vromaja01",4,2005,NOH
C. Andersen | P. Brown | D. Dickau | L. Nailon NOH 2005,242.15,13.5,4.9,-3.8,0.07200000000000001,-1.8,-7.5,0.05,0.063,5.6,2.2,0.12300000000000001,-0.3,7.7,11.8,7.7,5.7,11.8,4.5,-1.8,1.6,3.1,-1.9,"anderch01, brownpj01, dickada01, nailole01",4,2005,NOH
P. Brown | D. Dickau | L. Nailon | J. Vroman NOH 2005,221.36666666666667,-16.7,-4.7,3.7,-0.071,-3.2,-2.5,-0.165,-0.091,-4.2,-1.7,-0.10400000000000001,4.4,6.0,-1.2,6.0,1.6,3.6,-3.0,-3.4,-3.7,3.9,3.2,"brownpj01, dickada01, nailole01, vromaja01",4,2005,NOH
D. Dickau | L. Nailon | J. Smith | J. Vroman NOH 2005,210.36666666666667,-10.9,-2.4,1.6,-0.036000000000000004,-3.4,-3.7,-0.155,-0.055,-2.7,0.4,-0.107,2.3,3.6,0.1,3.6,1.2,2.6,-0.8,-2.8,-2.6,2.8,3.0,"dickada01, nailole01, smithjr01, vromaja01",4,2005,NOH
P. Brown | D. Dickau | L. Nailon | R. Rogers NOH 2005,191.06666666666666,-13.0,-2.5,4.5,-0.05,-0.2,-0.4,-0.006,-0.053,-7.9,-11.1,0.040999999999999995,3.0,2.5,-4.2,2.5,-0.4,-0.9,-3.8,-1.8,-3.2,3.1,2.8,"brownpj01, dickada01, nailole01, rogerro01",4,2005,NOH
P. Brown | D. Dickau | G. Lynch | J. Smith NOH 2005,180.38333333333333,-13.5,-2.9,7.1,-0.068,2.6,5.8,0.023,-0.057,-10.3,-14.3,0.036000000000000004,3.5,2.6,-3.9,2.6,-0.3,-0.6,1.8,-2.3,-2.7,4.7,5.6,"brownpj01, dickada01, lynchge01, smithjr01",4,2005,NOH
P. Brown | D. Dickau | C. Jacobsen | L. Nailon NOH 2005,174.91666666666666,4.6,2.5,-0.1,0.03,-2.4,-9.5,0.057,0.016,2.0,1.2,0.04,-0.5,1.9,5.4,1.9,2.6,5.6,1.1,-0.4,-0.3,1.3,-4.1,"brownpj01, dickada01, jacobca01, nailole01",4,2005,NOH
P. Brown | B. Davis | L. Nailon | R. Rogers NOH 2005,159.61666666666667,-10.0,-4.4,6.2,-0.075,-2.4,-0.6,-0.11599999999999999,-0.09,1.1,0.8,0.023,3.5,-0.2,-9.5,-0.2,-2.9,-5.8,-2.3,3.8,-2.8,-4.5,1.9,"brownpj01, davisba01, nailole01, rogerro01",4,2005,NOH
P. Brown | D. Dickau | B. Nachbar | J. Smith NOH 2005,153.56666666666666,-14.7,-2.0,-1.1,-0.017,1.1,5.0,-0.032,-0.01,-11.8,-13.8,-0.055,-5.3,-12.1,-6.2,-12.1,-5.7,-12.3,2.0,-0.7,-1.4,2.6,3.8,"brownpj01, dickada01, nachbbo01, smithjr01",4,2005,NOH
P. Brown | G. Lynch | J. Magloire | D. Wesley NOH 2005,149.9,-2.2,-1.8,0.7,-0.022000000000000002,0.1,0.6,-0.008,-0.022000000000000002,1.3,2.4,-0.039,2.4,2.1,-2.6,2.1,0.0,0.0,1.8,0.7,-3.1,0.9,-3.6,"brownpj01, lynchge01, magloja01, wesleda01",4,2005,NOH
C. Andersen | P. Brown | C. Jacobsen | L. Nailon NOH 2005,149.11666666666667,19.4,6.7,-7.1,0.11800000000000001,-1.8,-9.9,0.14300000000000002,0.11,7.8,9.2,0.021,1.1,11.0,17.3,11.0,9.2,20.0,4.6,-3.5,1.1,5.7,-4.6,"anderch01, brownpj01, jacobca01, nailole01",4,2005,NOH
D. Dickau | G. Lynch | R. Rogers | J. Smith NOH 2005,148.53333333333333,-19.6,-6.0,1.3,-0.071,1.0,2.0,0.011000000000000001,-0.066,-8.6,-11.0,-0.001,0.5,-3.1,-6.0,-3.1,-2.9,-6.0,-0.4,-3.7,-2.6,5.5,4.6,"dickada01, lynchge01, rogerro01, smithjr01",4,2005,NOH
D. Dickau | L. Nailon | R. Rogers | J. Smith NOH 2005,146.68333333333334,-14.7,-3.5,6.1,-0.07200000000000001,1.0,1.0,0.036000000000000004,-0.069,-8.6,-10.7,-0.006,3.8,3.0,-5.7,3.0,-0.6,-1.3,-5.2,-2.6,-3.2,3.6,3.8,"dickada01, nailole01, rogerro01, smithjr01",4,2005,NOH
P. Brown | G. Lynch | R. Rogers | J. Smith NOH 2005,143.4,-11.5,-2.6,2.9,-0.042,0.3,0.8,-0.002,-0.042,-6.6,-9.4,0.032,-0.6,-3.5,-4.2,-3.5,-2.6,-5.1,2.8,-2.6,-3.4,3.7,4.5,"brownpj01, lynchge01, rogerro01, smithjr01",4,2005,NOH
C. Andersen | P. Brown | D. Dickau | C. Jacobsen NOH 2005,142.8,30.4,10.7,-4.0,0.14800000000000002,0.8,-8.6,0.19699999999999998,0.154,8.2,8.0,0.075,-2.8,2.9,13.8,2.9,5.8,12.9,10.4,-1.6,-1.2,0.7,-5.2,"anderch01, brownpj01, dickada01, jacobca01",4,2005,NOH
P. Brown | D. Dickau | G. Lynch | R. Rogers NOH 2005,141.23333333333332,-17.6,-3.7,4.9,-0.064,-0.5,0.1,-0.024,-0.069,-9.7,-12.6,0.009000000000000001,0.2,-3.2,-5.6,-3.2,-2.8,-5.7,0.9,-1.9,-3.9,3.8,5.6,"brownpj01, dickada01, lynchge01, rogerro01",4,2005,NOH
P. Brown | D. Mason | C. Paul | D. West NOK 2006,941.3833333333333,-9.6,-3.5,-0.3,-0.038,-4.5,-12.2,-0.01,-0.063,1.9,1.7,0.027999999999999997,0.3,-0.4,-1.7,-0.4,-0.7,-1.5,-1.1,-0.4,-1.6,0.4,-0.3,"brownpj01, masonde01, paulch01, westda01",4,2006,NOK
P. Brown | C. Paul | K. Snyder | D. West NOK 2006,512.9833333333333,-4.0,-0.6,2.6,-0.02,-3.9,-10.2,-0.057999999999999996,-0.042,1.1,0.3,0.039,1.2,0.8,-2.2,0.8,-0.5,-1.1,1.7,2.5,0.0,-1.4,0.8,"brownpj01, paulch01, snydeki01, westda01",4,2006,NOK
S. Claxton | D. Mason | C. Paul | D. West NOK 2006,463.8333333333333,-2.6,-2.4,-4.5,-0.006,-6.6,-18.5,-0.061,-0.045,8.9,12.4,-0.03,-1.5,-2.4,-0.1,-2.4,-0.9,-1.8,-2.9,1.2,-2.0,-2.3,-3.9,"claxtsp01, masonde01, paulch01, westda01",4,2006,NOK
P. Brown | D. Mason | K. Snyder | D. West NOK 2006,450.3666666666667,-4.4,-0.4,-1.7,0.004,-3.9,-11.7,-0.02,-0.017,0.4,-1.0,0.055,-1.5,-3.1,-1.1,-3.1,-1.3,-2.8,2.3,1.2,0.0,-0.2,1.1,"brownpj01, masonde01, snydeki01, westda01",4,2006,NOK
P. Brown | D. Mason | C. Paul | K. Snyder NOK 2006,425.6333333333333,-9.2,-2.5,-0.1,-0.027999999999999997,-3.8,-11.7,-0.011000000000000001,-0.049,-0.3,-2.8,0.085,-0.3,-1.9,-2.9,-1.9,-1.6,-3.6,-0.1,1.7,0.3,0.2,1.5,"brownpj01, masonde01, paulch01, snydeki01",4,2006,NOK
P. Brown | C. Paul | J. Smith | D. West NOK 2006,424.46666666666664,-7.0,-1.6,3.0,-0.034,-1.4,-3.5,-0.008,-0.044000000000000004,-2.3,-3.9,0.032,-1.9,-4.9,-3.0,-4.9,-2.3,-5.4,1.2,-0.3,-2.7,-1.2,1.7,"brownpj01, paulch01, smithjr01, westda01",4,2006,NOK
D. Mason | C. Paul | K. Snyder | D. West NOK 2006,386.18333333333334,-6.9,-1.7,0.2,-0.02,-4.1,-12.3,-0.03,-0.043,0.7,-0.3,0.040999999999999995,-0.7,-3.0,-3.7,-3.0,-2.2,-4.7,1.3,2.8,0.3,-1.5,1.1,"masonde01, paulch01, snydeki01, westda01",4,2006,NOK
P. Brown | S. Claxton | D. Mason | C. Paul NOK 2006,362.85,3.3,-1.4,-4.1,0.004,-5.7,-18.0,0.055,-0.027999999999999997,11.7,14.9,0.005,0.5,3.2,4.0,3.2,2.2,4.8,-1.4,0.2,-3.1,-0.8,-4.6,"brownpj01, claxtsp01, masonde01, paulch01",4,2006,NOK
P. Brown | S. Claxton | D. Mason | D. West NOK 2006,349.71666666666664,0.0,-1.2,-5.4,0.013999999999999999,-7.2,-18.5,-0.044000000000000004,-0.026000000000000002,9.6,11.4,0.015,0.7,4.2,5.0,4.2,2.9,6.2,-2.2,-1.8,-4.3,0.9,-3.9,"brownpj01, claxtsp01, masonde01, westda01",4,2006,NOK
P. Brown | S. Claxton | C. Paul | D. West NOK 2006,348.51666666666665,-6.4,-4.8,-2.5,-0.044000000000000004,-6.9,-16.1,-0.069,-0.083,10.1,10.9,0.042,1.0,1.7,0.1,1.7,0.5,1.2,-3.6,0.3,-4.3,-0.3,-4.0,"brownpj01, claxtsp01, paulch01, westda01",4,2006,NOK
P. Brown | D. Mason | J. Smith | D. West NOK 2006,327.23333333333335,-2.7,-1.7,2.0,-0.031,-1.2,-5.1,0.069,-0.039,2.0,1.8,0.023,0.9,1.7,0.0,1.7,0.6,1.4,0.4,-1.5,-2.5,0.5,0.0,"brownpj01, masonde01, smithjr01, westda01",4,2006,NOK
P. Brown | D. Mason | C. Paul | J. Smith NOK 2006,309.18333333333334,-4.2,-1.2,4.0,-0.037000000000000005,-0.6,-3.7,0.075,-0.040999999999999995,-1.1,-2.7,0.044000000000000004,0.1,-0.4,-1.4,-0.4,-0.4,-1.0,1.2,-1.1,-3.1,-0.5,1.0,"brownpj01, masonde01, paulch01, smithjr01",4,2006,NOK
D. Mason | C. Paul | J. Smith | D. West NOK 2006,307.0,-6.6,-2.3,5.0,-0.052000000000000005,-1.6,-5.5,0.052000000000000005,-0.064,-0.5,-1.4,0.027999999999999997,0.3,-0.9,-2.8,-0.9,-1.1,-2.6,0.1,-0.3,-2.8,-1.2,0.4,"masonde01, paulch01, smithjr01, westda01",4,2006,NOK
R. Butler | S. Claxton | C. Paul | D. West NOK 2006,293.3,4.1,1.9,5.7,-0.006999999999999999,-2.7,-6.9,-0.006,-0.026000000000000002,3.0,4.2,-0.008,3.2,4.1,-1.7,4.1,0.7,1.6,-0.4,4.4,-0.3,-4.1,-1.1,"butlera01, claxtsp01, paulch01, westda01",4,2006,NOK
P. Brown | R. Butler | C. Paul | D. West NOK 2006,291.5,-13.1,-7.1,5.7,-0.114,-4.0,-4.4,-0.131,-0.14,5.2,4.1,0.07,5.4,5.4,-7.3,5.4,-0.8,-1.9,-1.6,3.1,-0.4,-1.9,-1.2,"brownpj01, butlera01, paulch01, westda01",4,2006,NOK
P. Brown | R. Butler | D. Mason | C. Paul NOK 2006,190.45,-9.8,-4.1,0.1,-0.048,-5.6,-12.2,-0.077,-0.081,4.0,6.5,-0.040999999999999995,2.8,3.1,-3.9,3.1,-0.4,-0.9,-3.0,1.5,-0.1,-1.7,-2.1,"brownpj01, butlera01, masonde01, paulch01",4,2006,NOK
P. Brown | B. Nachbar | C. Paul | D. West NOK 2006,175.23333333333332,-3.9,2.2,8.3,-0.016,-2.8,1.4,-0.19699999999999998,-0.035,-5.6,-7.7,0.036000000000000004,-0.1,-2.1,-4.0,-2.1,-2.1,-4.6,0.5,2.5,-3.6,-2.8,2.6,"brownpj01, nachbbo01, paulch01, westda01",4,2006,NOK
P. Brown | R. Butler | S. Claxton | K. Snyder NOK 2006,160.88333333333333,15.2,5.7,-5.7,0.09300000000000001,-0.2,-0.3,-0.004,0.095,4.1,5.3,0.0,-4.3,-3.0,6.4,-3.0,1.3,2.8,4.9,-2.0,3.4,0.4,-2.0,"brownpj01, butlera01, claxtsp01, snydeki01",4,2006,NOK
P. Brown | R. Butler | C. Paul | K. Snyder NOK 2006,158.95,6.4,0.6,5.0,-0.02,0.5,-2.0,0.066,-0.019,4.9,4.7,0.053,2.2,3.2,-1.5,3.2,0.7,1.5,-0.2,4.2,-0.1,-3.4,-1.7,"brownpj01, butlera01, paulch01, snydeki01",4,2006,NOK
P. Brown | R. Butler | S. Claxton | C. Paul NOK 2006,157.85,11.3,1.8,7.4,-0.018000000000000002,-1.1,-4.5,0.042,-0.027999999999999997,8.8,8.1,0.065,3.6,4.2,-2.8,4.2,0.3,0.8,2.2,6.0,-2.3,-7.4,-2.8,"brownpj01, butlera01, claxtsp01, paulch01",4,2006,NOK
T. Chandler | D. Mason | C. Paul | D. West NOK 2007,838.8833333333333,-3.0,-1.2,2.2,-0.025,-3.7,-7.8,-0.03,-0.046,3.1,5.5,-0.040999999999999995,6.4,11.6,2.5,11.6,4.5,9.8,-2.7,-2.0,-1.0,2.5,-2.9,"chandty01, masonde01, paulch01, westda01",4,2007,NOK
D. Brown | T. Chandler | D. Mason | D. West NOK 2007,675.9166666666666,0.1,-0.6,2.1,-0.018000000000000002,-2.4,-6.6,0.008,-0.032,3.8,5.2,0.001,5.5,10.1,2.8,10.1,4.2,9.0,-2.9,-1.8,0.7,2.1,-3.5,"brownde02, chandty01, masonde01, westda01",4,2007,NOK
D. Brown | T. Chandler | C. Paul | D. West NOK 2007,590.2,-2.0,-0.9,2.4,-0.023,-2.3,-5.6,-0.002,-0.037000000000000005,2.1,3.7,-0.026000000000000002,5.8,10.8,2.5,10.8,4.2,9.2,-3.7,-2.4,-0.3,2.6,-3.2,"brownde02, chandty01, paulch01, westda01",4,2007,NOK
D. Brown | T. Chandler | D. Mason | C. Paul NOK 2007,541.25,-3.7,-1.1,3.3,-0.03,-2.7,-6.3,-0.011000000000000001,-0.046,1.3,3.4,-0.053,6.8,12.4,3.1,12.4,5.0,10.9,-3.0,-2.0,-0.5,2.9,-2.9,"brownde02, chandty01, masonde01, paulch01",4,2007,NOK
D. Brown | D. Mason | C. Paul | D. West NOK 2007,523.2333333333333,-2.8,-1.0,2.9,-0.026000000000000002,-3.0,-7.0,-0.016,-0.044000000000000004,2.3,3.8,-0.024,6.8,12.6,3.1,12.6,5.1,11.1,-3.3,-2.5,-0.4,2.9,-3.4,"brownde02, masonde01, paulch01, westda01",4,2007,NOK
R. Butler | T. Chandler | D. Mason | C. Paul NOK 2007,339.8833333333333,-6.0,-2.5,1.6,-0.036000000000000004,-1.4,-5.4,0.023,-0.044000000000000004,0.4,5.0,-0.134,3.0,4.2,-0.5,4.2,1.2,2.5,-4.7,0.5,-2.4,0.1,-1.2,"butlera01, chandty01, masonde01, paulch01",4,2007,NOK
T. Chandler | B. Jackson | D. Mason | C. Paul NOK 2007,327.9166666666667,-1.2,-1.6,3.0,-0.035,-3.4,-7.5,-0.021,-0.055999999999999994,5.5,7.8,-0.006,4.3,6.4,-0.9,6.4,1.4,3.3,-2.6,3.9,-0.7,-3.9,-0.4,"chandty01, jacksbo01, masonde01, paulch01",4,2007,NOK
D. Brown | R. Butler | T. Chandler | D. Mason NOK 2007,326.06666666666666,-4.8,-2.6,-4.3,-0.008,-2.7,-5.4,-0.057,-0.022000000000000002,3.2,5.2,-0.027000000000000003,0.9,3.2,3.2,3.2,1.8,3.8,-3.4,-1.1,2.2,2.9,-2.5,"brownde02, butlera01, chandty01, masonde01",4,2007,NOK
R. Butler | T. Chandler | D. Mason | J. Pargo NOK 2007,306.9,-2.5,-0.2,-1.4,0.005,-0.6,-2.7,0.013999999999999999,0.002,-1.4,-2.4,0.013000000000000001,1.3,4.1,3.9,4.1,2.4,5.2,0.5,-2.0,0.4,3.0,0.0,"butlera01, chandty01, masonde01, pargoja01",4,2007,NOK
T. Chandler | D. Mason | C. Paul | P. Stojaković NOK 2007,242.55,7.7,2.9,7.0,-0.005,-1.3,-5.3,0.03,-0.015,3.3,5.9,-0.037000000000000005,7.0,11.7,0.9,11.7,4.0,8.7,-3.7,0.7,-4.2,-2.2,-3.8,"chandty01, masonde01, paulch01, stojape01",4,2007,NOK
R. Butler | T. Chandler | M. Jackson | D. Mason NOK 2007,238.75,-6.7,-1.7,-3.1,-0.004,-3.4,-7.4,-0.066,-0.023,0.2,1.9,-0.062,-0.1,1.4,2.8,1.4,1.3,2.8,1.0,-4.9,0.0,3.5,-2.8,"butlera01, chandty01, jacksma02, masonde01",4,2007,NOK
D. Brown | R. Butler | C. Paul | D. West NOK 2007,228.98333333333332,9.3,2.2,4.4,0.001,1.9,9.6,-0.067,0.01,3.0,1.5,0.077,2.5,3.8,-0.8,3.8,0.6,1.3,-0.9,-1.3,-2.0,-1.7,-2.2,"brownde02, butlera01, paulch01, westda01",4,2007,NOK
D. Brown | R. Butler | T. Chandler | D. West NOK 2007,212.55,5.6,-1.0,2.7,-0.026000000000000002,0.9,1.8,0.01,-0.022000000000000002,6.7,6.4,0.08,3.0,3.6,-2.4,3.6,0.1,0.3,-4.4,0.3,3.2,-1.5,-3.7,"brownde02, butlera01, chandty01, westda01",4,2007,NOK
T. Chandler | B. Jackson | D. Mason | D. West NOK 2007,211.71666666666667,7.5,0.2,-2.4,0.015,-1.2,-6.6,0.086,0.01,8.2,10.7,0.005,3.3,8.6,5.6,8.6,4.1,8.9,1.6,0.5,1.7,0.1,-1.2,"chandty01, jacksbo01, masonde01, westda01",4,2007,NOK
B. Jackson | D. Mason | C. Paul | D. West NOK 2007,210.7,2.2,-1.9,0.2,-0.023,-2.2,-7.9,0.031,-0.036000000000000004,8.2,10.4,0.013000000000000001,4.7,9.2,2.2,9.2,3.1,7.1,-1.9,0.0,-2.3,-0.3,-1.7,"jacksbo01, masonde01, paulch01, westda01",4,2007,NOK
T. Chandler | D. Mason | J. Pargo | C. Paul NOK 2007,208.76666666666668,3.8,-0.2,-1.7,0.006999999999999999,-1.9,-1.2,-0.06,-0.003,6.1,6.4,0.042,1.0,3.8,3.7,3.8,2.5,5.3,0.9,2.8,0.7,-1.1,-0.8,"chandty01, masonde01, pargoja01, paulch01",4,2007,NOK
R. Butler | B. Jackson | L. Johnson | J. Pargo NOK 2007,208.53333333333333,-1.3,1.7,3.7,0.001,-0.4,-2.7,0.035,-0.002,-4.3,-4.1,-0.045,1.9,3.4,1.0,3.4,1.7,3.5,-1.8,0.1,1.7,1.1,3.5,"butlera01, jacksbo01, johnsli01, pargoja01",4,2007,NOK
T. Chandler | B. Jackson | C. Paul | D. West NOK 2007,185.26666666666668,6.2,-1.6,2.5,-0.032,-1.7,-5.9,0.032,-0.043,11.2,12.9,0.064,6.4,12.3,2.8,12.3,4.2,9.4,-1.7,2.6,-1.3,-2.3,-1.7,"chandty01, jacksbo01, paulch01, westda01",4,2007,NOK
D. Brown | R. Butler | M. Jackson | D. West NOK 2007,178.91666666666666,-3.6,-2.4,5.0,-0.053,-0.3,8.6,-0.174,-0.057,1.5,-1.2,0.12300000000000001,1.5,0.2,-4.1,0.2,-1.3,-3.3,-1.5,0.0,-4.7,-2.4,0.7,"brownde02, butlera01, jacksma02, westda01",4,2007,NOK
D. Mason | C. Paul | P. Stojaković | D. West NOK 2007,164.0,3.0,4.3,-0.7,0.052000000000000005,-3.0,-12.5,0.075,0.035,-2.6,2.0,-0.134,4.9,11.5,5.9,11.5,5.4,11.9,1.0,-5.6,-4.3,6.9,-3.4,"masonde01, paulch01, stojape01, westda01",4,2007,NOK
T. Chandler | C. Paul | P. Stojaković | D. West NOH 2008,1726.6166666666666,11.0,1.8,2.3,0.008,2.6,3.0,0.07400000000000001,0.022000000000000002,4.7,5.2,0.035,1.1,1.7,-0.2,1.7,0.4,0.9,1.6,2.9,-0.3,-3.1,-1.4,"chandty01, paulch01, stojape01, westda01",4,2008,NOH
T. Chandler | C. Paul | M. Peterson | P. Stojaković NOH 2008,1375.2166666666667,9.5,1.2,3.1,-0.003,3.0,4.9,0.053,0.012,4.1,4.6,0.03,1.9,2.9,-0.7,2.9,0.6,1.4,1.4,2.5,-1.3,-2.5,-1.6,"chandty01, paulch01, petermo01, stojape01",4,2008,NOH
C. Paul | M. Peterson | P. Stojaković | D. West NOH 2008,1331.9,8.3,1.1,3.5,-0.006999999999999999,3.0,5.0,0.055,0.008,3.2,3.8,0.012,1.6,2.1,-1.2,2.1,0.3,0.6,1.0,3.0,-1.1,-2.8,-1.1,"paulch01, petermo01, stojape01, westda01",4,2008,NOH
T. Chandler | C. Paul | M. Peterson | D. West NOH 2008,1310.05,10.8,1.9,3.6,0.002,3.2,6.1,0.047,0.018000000000000002,3.7,3.9,0.039,2.2,3.6,0.1,3.6,1.1,2.4,1.7,2.7,-0.7,-2.6,-1.2,"chandty01, paulch01, petermo01, westda01",4,2008,NOH
T. Chandler | M. Peterson | P. Stojaković | D. West NOH 2008,1256.1833333333334,11.0,1.7,3.1,0.003,3.3,5.3,0.065,0.019,4.2,4.4,0.048,1.6,2.5,-0.4,2.5,0.6,1.3,1.6,2.8,-0.9,-2.9,-1.4,"chandty01, petermo01, stojape01, westda01",4,2008,NOH
T. Chandler | J. Pargo | C. Paul | P. Stojaković NOH 2008,347.06666666666666,17.3,4.6,5.9,0.02,2.8,-1.7,0.122,0.031,5.4,5.4,0.053,2.9,4.0,-0.7,4.0,1.0,2.2,1.3,4.3,-0.7,-5.2,-1.9,"chandty01, pargoja01, paulch01, stojape01",4,2008,NOH
J. Pargo | C. Paul | P. Stojaković | D. West NOH 2008,292.81666666666666,8.6,5.3,9.9,0.009000000000000001,-1.0,-5.5,0.035,-0.002,-1.1,-3.1,0.061,1.3,0.8,-2.0,0.8,-0.5,-1.0,3.7,5.2,-0.9,-5.6,0.9,"pargoja01, paulch01, stojape01, westda01",4,2008,NOH
R. Butler | T. Chandler | C. Paul | D. West NOH 2008,289.28333333333336,5.6,2.2,2.5,0.012,0.9,6.2,-0.081,0.016,0.3,0.6,-0.011000000000000001,2.3,4.9,2.6,4.9,2.4,4.9,1.2,2.7,0.8,-1.9,-0.4,"butlera01, chandty01, paulch01, westda01",4,2008,NOH
T. Chandler | J. Pargo | C. Paul | D. West NOH 2008,278.76666666666665,6.5,2.3,6.3,-0.006999999999999999,0.2,-3.3,0.06,-0.009000000000000001,1.8,2.7,-0.015,1.9,1.7,-1.9,1.7,-0.2,-0.4,1.8,4.6,-0.5,-4.3,-0.4,"chandty01, pargoja01, paulch01, westda01",4,2008,NOH
T. Chandler | J. Pargo | P. Stojaković | D. West NOH 2008,263.35,14.8,6.1,7.5,0.03,1.9,-4.2,0.125,0.036000000000000004,0.7,-0.2,0.04,-0.3,-1.7,-2.1,-1.7,-1.3,-2.8,2.6,4.7,0.2,-6.3,-0.4,"chandty01, pargoja01, stojape01, westda01",4,2008,NOH
T. Chandler | B. Jackson | C. Paul | D. West NOH 2008,198.3,3.3,-1.8,-2.8,-0.006,-1.1,1.7,-0.08199999999999999,-0.011000000000000001,8.1,10.0,-0.005,3.1,4.7,-0.1,4.7,1.5,3.2,-1.6,2.5,0.5,-0.8,-3.7,"chandty01, jacksbo01, paulch01, westda01",4,2008,NOH
B. Jackson | C. Paul | P. Stojaković | D. West NOH 2008,191.53333333333333,14.4,2.6,4.1,0.008,1.7,4.2,-0.003,0.015,7.4,8.6,0.009000000000000001,1.4,0.8,-2.8,0.8,-1.0,-2.2,-0.5,2.9,-0.5,-6.6,-1.5,"jacksbo01, paulch01, stojape01, westda01",4,2008,NOH
H. Armstrong | C. Paul | P. Stojaković | D. West NOH 2008,179.83333333333334,-7.2,-1.9,5.4,-0.051,-0.1,-1.8,0.027000000000000003,-0.055,-3.3,-1.2,-0.102,3.4,3.8,-4.5,3.8,-0.3,-0.7,-3.5,1.5,-2.7,-0.5,1.9,"armsthi01, paulch01, stojape01, westda01",4,2008,NOH
T. Chandler | C. Paul | P. Stojaković | B. Wells NOH 2008,149.33333333333334,-0.9,-0.5,2.6,-0.02,-2.2,-1.3,-0.077,-0.033,2.2,1.8,0.027000000000000003,0.2,-2.4,-4.3,-2.4,-2.1,-4.8,-1.3,2.6,2.5,-3.7,0.7,"chandty01, paulch01, stojape01, wellsbo01",4,2008,NOH
C. Paul | P. Stojaković | B. Wells | D. West NOH 2008,136.06666666666666,3.2,-1.3,-2.5,-0.002,-1.0,-6.8,0.032,-0.006999999999999999,6.8,6.1,0.076,0.2,0.0,-0.5,0.0,0.0,0.0,-4.6,2.1,3.0,-0.5,-1.1,"paulch01, stojape01, wellsbo01, westda01",4,2008,NOH
T. Chandler | B. Jackson | C. Paul | P. Stojaković NOH 2008,134.68333333333334,6.1,-2.8,-1.3,-0.024,3.0,6.2,0.028999999999999998,-0.006999999999999999,8.7,9.3,0.043,1.3,-0.2,-4.2,-0.2,-1.8,-3.8,-1.8,3.4,-0.3,-2.4,-2.0,"chandty01, jacksbo01, paulch01, stojape01",4,2008,NOH
T. Chandler | B. Jackson | P. Stojaković | D. West NOH 2008,128.1,14.2,1.0,3.1,-0.004,3.7,3.4,0.114,0.015,8.5,9.7,0.016,4.8,6.6,-1.5,6.6,1.5,3.0,0.1,3.9,1.3,-4.0,-1.5,"chandty01, jacksbo01, stojape01, westda01",4,2008,NOH
H. Armstrong | R. Butler | B. Jackson | J. Pargo NOH 2008,125.75,-12.6,-3.0,1.9,-0.044000000000000004,3.5,1.6,0.16,-0.025,-10.0,-10.5,-0.11900000000000001,5.3,7.3,-3.3,7.3,0.9,2.0,-2.5,-0.4,0.9,5.2,5.2,"armsthi01, butlera01, jacksbo01, pargoja01",4,2008,NOH
R. Butler | B. Jackson | C. Paul | D. West NOH 2008,118.98333333333333,6.7,3.7,2.3,0.03,-1.0,0.2,-0.048,0.024,0.2,-0.7,0.032,-1.0,-2.2,-1.0,-2.2,-1.1,-2.4,1.2,4.6,1.4,-6.4,-0.7,"butlera01, jacksbo01, paulch01, westda01",4,2008,NOH
T. Chandler | C. Paul | P. Stojaković | J. Wright NOH 2008,114.41666666666667,12.8,-1.7,-3.8,0.002,-2.8,-8.4,0.021,-0.011000000000000001,18.9,27.9,-0.084,8.1,15.7,4.6,15.7,6.4,14.4,1.5,1.8,0.4,-2.8,-7.5,"chandty01, paulch01, stojape01, wrighju01",4,2008,NOH
R. Butler | C. Paul | P. Stojaković | D. West NOH 2009,920.6333333333333,4.4,2.5,-0.7,0.031,2.5,2.6,0.075,0.045,-3.0,-3.3,-0.015,-1.3,-1.5,1.1,-1.5,-0.1,-0.3,0.4,2.2,1.0,0.0,1.1,"butlera01, paulch01, stojape01, westda01",4,2009,NOH
R. Butler | T. Chandler | C. Paul | D. West NOH 2009,829.0833333333334,6.4,2.5,-3.0,0.043,-0.6,-4.1,0.046,0.040999999999999995,1.9,2.5,-0.006,0.2,2.5,4.0,2.5,2.2,4.6,0.1,2.0,2.4,1.2,-0.4,"butlera01, chandty01, paulch01, westda01",4,2009,NOH
T. Chandler | C. Paul | P. Stojaković | D. West NOH 2009,764.5166666666667,8.3,2.1,-1.5,0.031,1.0,0.9,0.03,0.038,3.0,4.0,-0.006999999999999999,-0.1,1.2,2.3,1.2,1.1,2.5,1.6,1.7,2.0,-1.0,-0.5,"chandty01, paulch01, stojape01, westda01",4,2009,NOH
R. Butler | C. Paul | J. Posey | D. West NOH 2009,583.8,1.2,-0.1,2.1,-0.012,-1.2,-4.0,0.011000000000000001,-0.02,2.6,1.8,0.036000000000000004,2.9,4.8,-0.1,4.8,1.3,3.0,-2.1,2.4,0.2,-0.4,-0.6,"butlera01, paulch01, poseyja01, westda01",4,2009,NOH
C. Paul | J. Posey | P. Stojaković | D. West NOH 2009,473.93333333333334,14.4,5.3,2.4,0.049,1.6,-0.5,0.068,0.057,2.2,0.4,0.059000000000000004,-0.7,0.4,2.9,0.4,0.9,2.1,1.3,1.4,0.2,-3.1,0.3,"paulch01, poseyja01, stojape01, westda01",4,2009,NOH
T. Chandler | C. Paul | J. Posey | D. West NOH 2009,458.81666666666666,5.7,1.9,-1.5,0.03,-2.0,-7.9,0.03,0.019,3.8,2.4,0.059000000000000004,1.5,5.5,5.4,5.5,3.4,7.3,-3.3,-0.6,2.1,1.8,-0.5,"chandty01, paulch01, poseyja01, westda01",4,2009,NOH
R. Butler | T. Chandler | C. Paul | P. Stojaković NOH 2009,443.23333333333335,7.4,2.3,-3.8,0.045,2.7,2.7,0.087,0.062,0.0,0.7,-0.028999999999999998,-2.1,-2.6,1.5,-2.6,-0.2,-0.5,2.6,2.3,3.3,-0.2,0.4,"butlera01, chandty01, paulch01, stojape01",4,2009,NOH
R. Butler | T. Chandler | P. Stojaković | D. West NOH 2009,426.01666666666665,7.3,2.2,-3.9,0.044000000000000004,2.2,1.8,0.08199999999999999,0.057999999999999996,0.7,1.4,-0.019,-2.1,-2.5,1.7,-2.5,-0.1,-0.3,2.6,2.4,3.2,-0.2,0.1,"butlera01, chandty01, stojape01, westda01",4,2009,NOH
H. Armstrong | R. Butler | C. Paul | D. West NOH 2009,403.5833333333333,-3.7,0.6,4.5,-0.017,-4.9,-6.3,-0.136,-0.046,0.0,-0.7,0.024,1.1,0.8,-2.0,0.8,-0.5,-1.1,-3.3,3.4,0.3,-2.3,-0.6,"armsthi01, butlera01, paulch01, westda01",4,2009,NOH
R. Butler | C. Paul | D. West | J. Wright NOH 2009,337.1,6.6,6.1,2.7,0.053,-5.8,-11.8,-0.086,0.02,0.2,0.0,0.006999999999999999,3.2,9.0,6.7,9.0,5.0,10.8,1.0,0.6,2.6,1.3,0.1,"butlera01, paulch01, westda01, wrighju01",4,2009,NOH
H. Armstrong | C. Paul | P. Stojaković | D. West NOH 2009,283.3833333333333,7.0,6.5,6.5,0.038,0.2,-1.2,0.033,0.036000000000000004,-6.3,-8.7,0.02,-0.1,1.5,3.1,1.5,1.5,3.5,-1.4,5.6,1.3,-2.0,1.8,"armsthi01, paulch01, stojape01, westda01",4,2009,NOH
R. Butler | S. Marks | C. Paul | D. West NOH 2009,270.21666666666664,8.5,4.2,1.4,0.040999999999999995,1.4,-1.3,0.092,0.049,-1.3,-2.3,0.017,1.6,5.2,4.3,5.2,3.0,6.8,5.2,1.6,2.6,0.6,0.0,"butlera01, marksse01, paulch01, westda01",4,2009,NOH
R. Butler | T. Chandler | C. Paul | J. Posey NOH 2009,264.3333333333333,3.1,0.8,-2.9,0.022000000000000002,-1.0,-9.6,0.085,0.018000000000000002,2.6,2.0,0.033,3.1,7.2,4.6,7.2,4.0,8.1,-3.7,0.8,2.3,3.8,-1.3,"butlera01, chandty01, paulch01, poseyja01",4,2009,NOH
R. Butler | T. Chandler | J. Posey | D. West NOH 2009,240.93333333333334,-2.8,-1.9,-3.2,-0.005,-2.8,-10.2,0.038,-0.019,3.7,3.5,0.031,3.2,7.2,3.9,7.2,3.6,7.5,-5.8,0.9,2.1,3.9,-0.5,"butlera01, chandty01, poseyja01, westda01",4,2009,NOH
H. Armstrong | R. Butler | C. Paul | P. Stojaković NOH 2009,229.45,-3.3,1.2,2.8,-0.002,-0.9,-0.4,-0.042,-0.009000000000000001,-4.7,-7.4,0.046,-1.9,-4.4,-2.1,-4.4,-1.9,-4.4,-4.4,4.5,0.9,-1.1,1.1,"armsthi01, butlera01, paulch01, stojape01",4,2009,NOH
T. Chandler | C. Paul | J. Posey | P. Stojaković NOH 2009,227.91666666666666,4.4,0.4,-0.8,0.009000000000000001,-2.1,-2.1,-0.05,-0.003,5.7,5.8,0.034,0.5,2.0,1.9,2.0,1.1,2.4,-2.3,-1.4,1.5,-1.1,-1.5,"chandty01, paulch01, poseyja01, stojape01",4,2009,NOH
R. Butler | C. Paul | J. Posey | P. Stojaković NOH 2009,220.48333333333332,6.0,1.6,-2.5,0.033,4.3,6.1,0.078,0.061,-1.5,-2.5,0.019,-3.3,-5.0,1.3,-5.0,-1.2,-2.8,1.9,-0.3,-1.3,2.1,0.5,"butlera01, paulch01, poseyja01, stojape01",4,2009,NOH
T. Chandler | J. Posey | P. Stojaković | D. West NOH 2009,216.01666666666668,5.7,0.0,-1.8,0.009000000000000001,-2.5,-5.2,-0.026000000000000002,-0.004,8.3,7.7,0.075,1.0,3.4,3.0,3.4,1.8,3.9,-3.6,-1.2,1.6,-0.8,-1.4,"chandty01, poseyja01, stojape01, westda01",4,2009,NOH
H. Armstrong | R. Butler | P. Stojaković | D. West NOH 2009,208.26666666666668,-7.1,0.2,4.2,-0.02,-1.8,-1.0,-0.08,-0.032,-5.8,-6.8,-0.04,0.6,-0.2,-2.0,-0.2,-0.7,-1.5,-3.9,4.2,0.0,-1.0,0.1,"armsthi01, butlera01, stojape01, westda01",4,2009,NOH
S. Marks | C. Paul | J. Posey | D. West NOH 2009,176.38333333333333,6.1,2.9,7.8,-0.004,-1.2,-3.5,0.001,-0.015,1.3,0.2,0.047,4.0,5.5,-2.9,5.5,0.6,1.3,2.5,1.8,0.3,-4.5,-1.4,"marksse01, paulch01, poseyja01, westda01",4,2009,NOH
E. Okafor | C. Paul | P. Stojaković | D. West NOH 2010,663.0666666666667,4.8,0.1,0.0,0.001,2.7,5.5,0.027000000000000003,0.016,2.0,2.4,0.005,-0.1,0.0,0.2,0.0,0.0,-0.1,-3.4,0.5,-0.4,-1.7,-1.4,"okafoem01, paulch01, stojape01, westda01",4,2010,NOH
D. Brown | E. Okafor | P. Stojaković | D. West NOH 2010,603.6666666666666,0.1,-1.3,0.4,-0.017,3.0,5.5,0.055999999999999994,0.0,-0.2,0.3,-0.024,0.1,-0.7,-1.7,-0.7,-0.8,-1.6,-1.4,0.8,-0.7,-1.0,-0.3,"brownde02, okafoem01, stojape01, westda01",4,2010,NOH
D. Brown | E. Okafor | C. Paul | P. Stojaković NOH 2010,560.2666666666667,-1.1,-1.8,0.1,-0.021,1.7,5.6,-0.02,-0.011000000000000001,0.8,1.9,-0.035,-0.8,-2.9,-3.1,-2.9,-2.0,-4.3,-1.9,0.4,-0.4,-2.1,-1.5,"brownde02, okafoem01, paulch01, stojape01",4,2010,NOH
D. Brown | E. Okafor | C. Paul | D. West NOH 2010,557.5166666666667,2.0,-0.4,0.0,-0.005,2.2,5.0,0.019,0.006999999999999999,0.7,2.1,-0.045,-0.2,-1.2,-1.7,-1.2,-1.0,-2.2,-1.8,0.9,-0.5,-1.9,-1.1,"brownde02, okafoem01, paulch01, westda01",4,2010,NOH
D. Brown | C. Paul | P. Stojaković | D. West NOH 2010,534.3166666666667,1.7,-0.5,0.6,-0.008,3.1,6.0,0.053,0.008,-0.4,0.4,-0.039,-0.6,-2.2,-2.5,-2.2,-1.6,-3.3,-1.5,0.7,-0.6,-2.2,-0.8,"brownde02, paulch01, stojape01, westda01",4,2010,NOH
D. Collison | E. Okafor | M. Peterson | D. West NOH 2010,495.3,-4.0,-3.4,-3.2,-0.019,0.6,-0.4,0.040999999999999995,-0.013999999999999999,2.1,3.0,-0.001,0.4,0.6,-0.2,0.6,0.1,0.1,-1.5,-1.5,-0.8,1.6,-1.1,"collida01, okafoem01, petermo01, westda01",4,2010,NOH
D. Collison | E. Okafor | P. Stojaković | D. West NOH 2010,487.8333333333333,-5.1,-4.0,-2.8,-0.03,0.7,-0.5,0.051,-0.024,2.2,1.7,0.044000000000000004,-0.8,-1.9,-0.9,-1.9,-0.9,-1.9,-2.2,-0.4,-1.3,1.0,-0.9,"collida01, okafoem01, stojape01, westda01",4,2010,NOH
D. Collison | J. Posey | M. Thornton | D. West NOH 2010,346.03333333333336,-14.2,-3.4,-1.2,-0.032,-2.0,-2.1,-0.051,-0.042,-5.4,-8.3,0.037000000000000005,-3.7,-7.3,-1.3,-7.3,-2.7,-6.4,-3.7,-1.1,-2.5,2.2,2.3,"collida01, poseyja01, thornma01, westda01",4,2010,NOH
D. Collison | E. Okafor | M. Thornton | D. West NOH 2010,337.1166666666667,-7.6,-3.3,-2.7,-0.022000000000000002,0.3,-0.3,0.02,-0.02,-1.2,-3.4,0.059000000000000004,-4.4,-10.0,-4.4,-10.0,-4.4,-10.2,-1.7,2.0,-0.6,-0.5,-0.5,"collida01, okafoem01, thornma01, westda01",4,2010,NOH
D. Collison | J. Posey | D. Songaila | M. Thornton NOH 2010,306.6166666666667,-5.7,0.2,4.2,-0.022000000000000002,-0.1,-1.2,0.019,-0.025,-6.0,-8.7,0.022000000000000002,-2.3,-6.3,-4.0,-6.3,-3.2,-7.5,-1.2,0.4,-1.7,-1.9,1.5,"collida01, poseyja01, songada01, thornma01",4,2010,NOH
E. Okafor | M. Peterson | P. Stojaković | D. West NOH 2010,271.6666666666667,1.7,-1.3,0.2,-0.016,1.1,3.0,0.001,-0.01,3.2,4.1,0.01,1.9,3.4,0.2,3.4,1.0,2.4,-2.2,-0.6,-0.7,-0.7,-1.9,"okafoem01, petermo01, stojape01, westda01",4,2010,NOH
D. Collison | M. Peterson | P. Stojaković | D. West NOH 2010,271.03333333333336,-5.1,-4.1,-2.0,-0.035,0.5,0.9,0.012,-0.031,2.6,3.5,0.004,1.3,1.7,-1.2,1.7,0.0,0.0,-2.9,-1.5,-1.1,0.7,-1.1,"collida01, petermo01, stojape01, westda01",4,2010,NOH
D. Collison | E. Okafor | M. Peterson | P. Stojaković NOH 2010,266.1,0.2,-2.5,-2.1,-0.016,0.4,0.6,0.01,-0.013000000000000001,4.8,6.7,-0.002,1.0,1.4,-0.6,1.4,0.2,0.4,-1.5,-1.1,-0.4,-0.6,-2.3,"collida01, okafoem01, petermo01, stojape01",4,2010,NOH
E. Okafor | C. Paul | M. Thornton | D. West NOH 2010,245.9,-4.9,-5.6,-1.1,-0.055999999999999994,0.4,3.4,-0.054000000000000006,-0.053,6.0,6.6,0.044000000000000004,3.0,3.7,-2.2,3.7,0.4,0.9,-8.9,1.9,0.4,-1.0,-2.4,"okafoem01, paulch01, thornma01, westda01",4,2010,NOH
D. Collison | J. Posey | D. Songaila | D. West NOH 2010,239.91666666666666,-7.8,0.4,1.4,-0.004,-2.8,-8.7,0.025,-0.021,-5.8,-9.7,0.07400000000000001,-1.2,-3.1,-1.4,-3.1,-1.2,-3.0,-2.9,-2.1,-2.2,0.6,2.1,"collida01, poseyja01, songada01, westda01",4,2010,NOH
E. Okafor | M. Peterson | M. Thornton | D. West NOH 2010,239.01666666666668,-8.6,-5.1,-0.4,-0.055999999999999994,1.5,4.9,-0.017,-0.047,0.1,1.0,-0.025,1.0,-0.9,-5.0,-0.9,-2.0,-4.7,-2.5,2.6,0.4,-1.1,-0.6,"okafoem01, petermo01, thornma01, westda01",4,2010,NOH
E. Okafor | P. Stojaković | M. Thornton | D. West NOH 2010,222.46666666666667,6.7,-2.9,-6.5,0.003,0.9,0.2,0.052000000000000005,0.011000000000000001,11.7,11.0,0.125,-1.6,-1.5,1.8,-1.5,0.1,0.3,-6.3,2.0,-0.4,-1.1,-3.6,"okafoem01, stojape01, thornma01, westda01",4,2010,NOH
E. Okafor | C. Paul | M. Peterson | D. West NOH 2010,220.0,-11.9,-5.1,1.0,-0.059000000000000004,-1.2,1.6,-0.095,-0.066,-0.5,1.4,-0.09,3.1,3.1,-3.7,3.1,-0.4,-0.8,-4.7,0.5,1.0,0.2,-1.7,"okafoem01, paulch01, petermo01, westda01",4,2010,NOH
J. Posey | D. Songaila | M. Thornton | D. West NOH 2010,217.43333333333334,-6.6,-1.9,-0.8,-0.017,-2.2,-7.5,0.038,-0.028999999999999998,-0.6,-2.6,0.054000000000000006,-1.7,-3.9,-1.5,-3.9,-1.5,-3.6,-0.5,-1.8,-1.8,0.4,0.2,"poseyja01, songada01, thornma01, westda01",4,2010,NOH
D. Collison | D. Songaila | M. Thornton | D. West NOH 2010,208.2,-18.6,-4.2,-0.6,-0.047,-3.1,-7.3,-0.016,-0.065,-7.0,-8.6,-0.004,-3.4,-8.5,-3.2,-8.5,-3.4,-8.7,-4.6,-2.9,-2.2,3.1,1.8,"collida01, songada01, thornma01, westda01",4,2010,NOH
T. Ariza | E. Okafor | C. Paul | D. West NOH 2011,1244.55,3.2,2.1,1.3,0.017,-0.9,-2.7,0.006,0.012,-0.3,1.6,-0.065,0.2,0.7,0.7,0.7,0.4,0.9,1.1,3.0,-0.5,-2.5,-0.3,"arizatr01, okafoem01, paulch01, westda01",4,2011,NOH
T. Ariza | M. Belinelli | E. Okafor | C. Paul NOH 2011,1134.3,0.2,1.0,2.3,-0.001,0.2,0.1,0.006,-0.001,-1.8,0.2,-0.08800000000000001,0.2,-0.6,-1.8,-0.6,-0.8,-1.9,0.9,2.6,-1.0,-2.3,-0.5,"arizatr01, belinma01, okafoem01, paulch01",4,2011,NOH
T. Ariza | M. Belinelli | C. Paul | D. West NOH 2011,1026.3166666666666,2.1,1.2,2.3,0.002,-0.3,-1.1,0.006,-0.001,-0.1,2.1,-0.069,1.4,2.1,-0.5,2.1,0.4,0.9,0.6,2.3,-1.1,-2.5,-1.5,"arizatr01, belinma01, paulch01, westda01",4,2011,NOH
M. Belinelli | E. Okafor | C. Paul | D. West NOH 2011,1017.9333333333333,6.0,2.5,0.9,0.024,0.4,-1.0,0.043,0.026000000000000002,0.5,2.8,-0.073,0.3,0.7,0.5,0.7,0.3,0.8,1.1,2.2,-0.4,-2.7,-1.0,"belinma01, okafoem01, paulch01, westda01",4,2011,NOH
T. Ariza | M. Belinelli | E. Okafor | D. West NOH 2011,911.3833333333333,3.5,2.2,2.2,0.013000000000000001,0.3,-0.6,0.026000000000000002,0.013999999999999999,-1.2,1.0,-0.084,0.8,1.6,0.3,1.6,0.5,1.1,0.7,2.3,-0.9,-2.1,-0.8,"arizatr01, belinma01, okafoem01, westda01",4,2011,NOH
T. Ariza | W. Green | C. Paul | D. West NOH 2011,417.6666666666667,-2.7,-1.8,-2.2,-0.01,-3.0,-7.0,-0.034,-0.026000000000000002,3.9,5.0,0.0,-0.7,-1.0,0.4,-1.0,0.0,0.0,-0.9,3.7,-1.1,-2.9,1.1,"arizatr01, greenwi01, paulch01, westda01",4,2011,NOH
T. Ariza | W. Green | E. Okafor | C. Paul NOH 2011,320.55,-7.9,-0.4,0.6,-0.008,-4.2,-9.7,-0.048,-0.033,-2.8,-2.0,-0.051,0.2,0.3,-0.1,0.3,-0.2,-0.4,-0.4,3.1,-0.7,-2.4,2.6,"arizatr01, greenwi01, okafoem01, paulch01",4,2011,NOH
W. Green | E. Okafor | C. Paul | D. West NOH 2011,314.6,3.5,2.0,2.5,0.01,-1.7,-6.3,0.036000000000000004,-0.001,1.2,2.9,-0.043,1.9,4.0,1.5,4.0,2.0,4.3,0.0,1.8,-0.5,-2.9,0.9,"greenwi01, okafoem01, paulch01, westda01",4,2011,NOH
T. Ariza | C. Landry | E. Okafor | C. Paul NOH 2011,220.45,-2.6,-1.6,4.3,-0.042,1.0,2.9,0.006,-0.037000000000000005,-0.6,-1.0,0.01,1.8,0.0,-5.0,0.0,-1.5,-3.4,-1.0,4.4,-0.8,-2.6,0.6,"arizatr01, landrca01, okafoem01, paulch01",4,2011,NOH
T. Ariza | W. Green | E. Okafor | D. West NOH 2011,218.05,-10.0,-2.3,-1.5,-0.019,-3.8,-8.2,-0.043,-0.040999999999999995,-1.6,-1.6,-0.019,-1.1,-1.9,0.1,-1.9,-0.2,-0.5,-0.1,3.3,0.4,-1.2,2.9,"arizatr01, greenwi01, okafoem01, westda01",4,2011,NOH
T. Ariza | C. Paul | J. Smith | D. West NOH 2011,197.7,9.0,5.6,11.3,0.003,-3.2,-3.7,-0.109,-0.022000000000000002,0.9,-0.9,0.052000000000000005,6.0,11.2,-0.2,11.2,3.0,7.2,2.8,4.0,-1.9,-7.2,0.5,"arizatr01, paulch01, smithja02, westda01",4,2011,NOH
T. Ariza | M. Belinelli | C. Landry | C. Paul NOH 2011,193.58333333333334,-7.1,-5.7,0.1,-0.064,0.8,4.3,-0.048,-0.06,3.5,4.6,-0.01,-0.7,-6.5,-8.7,-6.5,-4.8,-11.0,-0.2,4.8,-1.4,-2.6,-0.6,"arizatr01, belinma01, landrca01, paulch01",4,2011,NOH
M. Belinelli | C. Landry | E. Okafor | C. Paul NOH 2011,181.13333333333333,-4.5,-3.1,3.0,-0.051,1.9,4.9,0.0,-0.042,-0.2,1.3,-0.064,0.4,-4.7,-8.3,-4.7,-3.9,-9.2,-0.7,4.8,-0.3,-2.6,0.6,"belinma01, landrca01, okafoem01, paulch01",4,2011,NOH
T. Ariza | M. Belinelli | C. Landry | E. Okafor NOH 2011,168.41666666666666,-6.1,-3.5,3.8,-0.06,2.0,5.1,0.013000000000000001,-0.05,-1.2,-0.8,-0.028999999999999998,1.4,-2.7,-7.8,-2.7,-3.1,-7.0,-0.4,4.8,-1.3,-1.8,1.8,"arizatr01, belinma01, landrca01, okafoem01",4,2011,NOH
T. Ariza | C. Paul | M. Thornton | D. West NOH 2011,163.3,11.2,3.1,2.0,0.027000000000000003,-2.7,-2.1,-0.106,0.01,7.7,14.1,-0.14800000000000002,1.1,2.2,0.4,2.2,0.2,0.4,1.0,5.2,1.3,-8.0,-3.2,"arizatr01, paulch01, thornma01, westda01",4,2011,NOH
T. Ariza | W. Green | C. Paul | J. Smith NOH 2011,156.53333333333333,17.1,6.9,10.5,0.021,-1.2,-6.3,0.055,0.008,4.7,6.9,-0.021,6.5,12.3,1.8,12.3,3.9,9.1,4.8,8.4,-4.3,-9.9,0.9,"arizatr01, greenwi01, paulch01, smithja02",4,2011,NOH
T. Ariza | J. Jack | E. Okafor | C. Paul NOH 2011,137.93333333333334,13.3,5.5,7.3,0.026000000000000002,-1.8,-4.1,-0.031,0.013000000000000001,4.1,1.9,0.085,5.7,10.9,3.2,10.9,4.9,10.5,0.4,5.0,-1.4,-2.3,-1.6,"arizatr01, jackja01, okafoem01, paulch01",4,2011,NOH
T. Ariza | J. Jack | C. Paul | D. West NOH 2011,132.86666666666667,3.3,-1.6,2.8,-0.035,-4.7,-2.4,-0.212,-0.064,11.2,11.7,0.055,3.9,7.2,1.0,7.2,2.0,4.6,1.1,5.2,-0.2,-4.7,-3.8,"arizatr01, jackja01, paulch01, westda01",4,2011,NOH
T. Ariza | M. Belinelli | C. Paul | J. Smith NOH 2011,127.93333333333334,4.8,6.8,10.4,0.023,-1.1,2.2,-0.11900000000000001,0.012,-7.6,-9.5,-0.02,3.7,7.1,0.0,7.1,2.0,4.8,9.3,-0.1,0.0,-4.2,0.4,"arizatr01, belinma01, paulch01, smithja02",4,2011,NOH
W. Green | C. Paul | J. Smith | D. West NOH 2011,127.83333333333333,16.1,6.8,3.8,0.057,-2.1,-5.4,0.01,0.043,4.5,4.1,0.048,2.7,6.9,3.6,6.9,3.2,7.5,2.8,5.5,-3.5,-4.6,1.7,"greenwi01, paulch01, smithja02, westda01",4,2011,NOH
T. Ariza | G. Ayón | M. Belinelli | C. Kaman NOH 2012,310.56666666666666,4.6,4.2,0.1,0.045,0.4,-6.9,0.19,0.047,-4.2,-6.1,0.026000000000000002,-5.1,-8.5,-1.3,-8.5,-3.1,-6.6,6.6,-1.0,-1.8,-2.6,1.1,"arizatr01, ayongu01, belinma01, kamanch01",4,2012,NOH
T. Ariza | M. Belinelli | J. Jack | C. Kaman NOH 2012,303.31666666666666,-7.4,-1.2,-3.1,0.002,-2.0,-6.7,0.009000000000000001,-0.008,-2.9,-5.8,0.08800000000000001,-5.3,-10.2,-2.4,-10.2,-4.0,-9.1,1.9,-1.4,-0.4,0.6,0.7,"arizatr01, belinma01, jackja01, kamanch01",4,2012,NOH
T. Ariza | M. Belinelli | J. Jack | E. Okafor NOH 2012,254.1,-14.2,-2.5,0.7,-0.03,-4.0,-7.0,-0.102,-0.052000000000000005,-5.3,-4.0,-0.13,0.7,-1.1,-3.9,-1.1,-1.4,-2.9,-0.2,-1.2,-1.8,1.1,1.9,"arizatr01, belinma01, jackja01, okafoem01",4,2012,NOH
G. Ayón | M. Belinelli | J. Jack | C. Kaman NOH 2012,229.4,-5.6,1.6,-5.9,0.046,-1.8,-12.3,0.175,0.038,-6.9,-9.2,0.013000000000000001,-7.9,-13.3,-2.2,-13.3,-5.0,-10.8,2.5,-3.3,-1.0,2.2,1.9,"ayongu01, belinma01, jackja01, kamanch01",4,2012,NOH
T. Ariza | G. Ayón | M. Belinelli | J. Jack NOH 2012,212.1,-7.5,-0.8,-4.3,0.012,-0.9,-6.9,0.094,0.009000000000000001,-5.0,-6.6,-0.003,-5.3,-10.0,-2.2,-10.0,-3.5,-8.0,1.3,-3.5,-0.1,1.2,1.9,"arizatr01, ayongu01, belinma01, jackja01",4,2012,NOH
T. Ariza | M. Belinelli | C. Kaman | G. Vásquez NOH 2012,196.18333333333334,1.6,0.3,0.7,0.0,-1.2,-6.7,0.077,-0.006999999999999999,2.2,-0.1,0.10400000000000001,-1.1,-2.1,-0.7,-2.1,-1.1,-2.3,5.6,-0.9,-1.0,-2.3,-1.0,"arizatr01, belinma01, kamanch01, vasqugr01",4,2012,NOH
T. Ariza | G. Ayón | M. Belinelli | G. Vásquez NOH 2012,195.33333333333334,-0.1,0.0,2.9,-0.015,-1.0,-6.4,0.067,-0.022000000000000002,0.9,-0.7,0.064,-1.7,-3.4,-1.5,-3.4,-1.4,-3.0,6.7,1.5,-2.9,-3.0,-0.6,"arizatr01, ayongu01, belinma01, vasqugr01",4,2012,NOH
T. Ariza | G. Ayón | J. Jack | C. Kaman NOH 2012,190.48333333333332,1.4,3.5,-1.4,0.047,0.0,-8.8,0.205,0.047,-5.7,-7.1,-0.008,-7.3,-14.2,-3.0,-14.2,-5.2,-11.9,4.4,-1.7,-1.7,-2.0,1.5,"arizatr01, ayongu01, jackja01, kamanch01",4,2012,NOH
T. Ariza | M. Belinelli | J. Jack | J. Smith NOH 2012,182.56666666666666,-13.3,-4.2,-6.9,-0.012,-4.2,-8.5,-0.079,-0.032,-0.6,-1.2,0.013999999999999999,-6.6,-11.3,-1.8,-11.3,-4.2,-8.9,0.6,-1.5,1.8,1.2,0.6,"arizatr01, belinma01, jackja01, smithja02",4,2012,NOH
T. Ariza | G. Ayón | C. Kaman | G. Vásquez NOH 2012,171.4,1.4,1.0,2.8,-0.003,-0.5,-6.4,0.10400000000000001,-0.006999999999999999,-0.1,-1.9,0.068,-2.0,-3.3,-0.9,-3.3,-1.3,-2.6,6.2,-0.2,-2.0,-2.6,-0.2,"arizatr01, ayongu01, kamanch01, vasqugr01",4,2012,NOH
G. Ayón | M. Belinelli | C. Kaman | G. Vásquez NOH 2012,168.31666666666666,8.0,4.0,-0.8,0.046,-0.5,-9.5,0.16399999999999998,0.043,0.6,-2.6,0.125,-5.6,-5.8,1.8,-5.8,-1.8,-3.5,7.3,0.2,-1.4,-2.7,-0.2,"ayongu01, belinma01, kamanch01, vasqugr01",4,2012,NOH
A. Aminu | M. Belinelli | J. Jack | C. Kaman NOH 2012,151.86666666666667,-12.7,2.7,0.4,0.028999999999999998,-4.6,-9.2,-0.079,0.002,-13.4,-15.9,-0.018000000000000002,1.7,4.2,2.2,4.2,1.9,4.4,0.6,-4.2,-0.7,8.4,2.8,"aminual01, belinma01, jackja01, kamanch01",4,2012,NOH
M. Belinelli | J. Jack | C. Landry | E. Okafor NOH 2012,146.48333333333332,-5.9,-0.5,4.5,-0.027999999999999997,-2.2,-4.5,-0.052000000000000005,-0.040999999999999995,-2.7,-0.5,-0.092,7.3,10.7,-0.2,10.7,3.5,7.3,-4.2,-0.7,-2.6,3.3,1.7,"belinma01, jackja01, landrca01, okafoem01",4,2012,NOH
T. Ariza | J. Jack | E. Okafor | J. Smith NOH 2012,146.46666666666667,-16.1,-4.3,-2.4,-0.035,-2.8,-4.1,-0.067,-0.049,-4.6,-3.4,-0.139,-3.2,-8.4,-6.4,-8.4,-4.5,-9.8,2.8,-0.2,-1.6,-0.1,1.9,"arizatr01, jackja01, okafoem01, smithja02",4,2012,NOH
M. Belinelli | J. Jack | E. Okafor | J. Smith NOH 2012,145.46666666666667,-19.8,-4.0,-0.8,-0.04,-3.7,-6.9,-0.075,-0.059000000000000004,-8.1,-9.1,-0.142,-5.5,-12.8,-8.2,-12.8,-6.7,-14.0,-0.1,-0.5,-0.8,0.2,3.7,"belinma01, jackja01, okafoem01, smithja02",4,2012,NOH
T. Ariza | M. Belinelli | E. Okafor | J. Smith NOH 2012,131.8,-17.3,-4.1,-2.2,-0.034,-3.6,-5.8,-0.083,-0.052000000000000005,-5.6,-5.1,-0.149,-5.1,-12.4,-8.2,-12.4,-6.4,-13.7,0.1,-1.0,-0.5,-1.3,1.9,"arizatr01, belinma01, okafoem01, smithja02",4,2012,NOH
T. Ariza | J. Jack | C. Landry | E. Okafor NOH 2012,122.5,-10.7,0.7,8.9,-0.035,-4.4,-7.3,-0.127,-0.061,-7.8,-6.3,-0.11900000000000001,8.0,8.9,-3.8,8.9,2.3,4.5,-1.8,-0.6,-1.9,0.7,3.8,"arizatr01, jackja01, landrca01, okafoem01",4,2012,NOH
A. Aminu | M. Belinelli | J. Smith | G. Vásquez NOH 2012,121.75,10.6,3.0,-7.5,0.07,1.5,-8.3,0.213,0.081,3.2,1.9,0.057,-1.1,4.4,9.0,4.4,4.1,8.7,0.4,-2.0,-3.3,4.4,1.6,"aminual01, belinma01, smithja02, vasqugr01",4,2012,NOH
A. Aminu | C. Kaman | J. Smith | G. Vásquez NOH 2012,120.48333333333333,0.9,-2.8,-8.1,0.01,-1.7,-3.9,-0.015,0.003,8.1,8.2,0.053,1.0,6.4,6.8,6.4,4.0,9.0,-1.1,-2.3,-0.5,3.7,-2.7,"aminual01, kamanch01, smithja02, vasqugr01",4,2012,NOH
A. Aminu | X. Henry | L. Thomas | G. Vásquez NOH 2012,117.35,3.5,2.4,-3.1,0.042,-3.9,-20.8,0.158,0.021,2.7,4.7,-0.025,-1.9,-1.7,1.7,-1.7,0.0,0.0,3.8,1.9,-2.0,-3.8,1.0,"aminual01, henryxa01, thomala01, vasqugr01",4,2012,NOH
A. Aminu | A. Davis | R. Lopez | G. Vásquez NOH 2013,737.7833333333333,-0.7,1.3,2.1,0.003,-4.3,-11.8,0.006,-0.022000000000000002,1.1,-0.4,0.07400000000000001,2.8,6.9,3.7,6.9,3.3,7.4,-2.6,-0.6,0.6,1.5,0.5,"aminual01, davisan02, lopezro01, vasqugr01",4,2013,NOH
A. Aminu | E. Gordon | R. Lopez | G. Vásquez NOH 2013,648.4333333333333,-3.0,-0.8,3.4,-0.026000000000000002,-3.0,-6.6,-0.034,-0.044000000000000004,1.6,1.5,0.022000000000000002,4.5,8.8,2.6,8.8,3.7,8.2,-3.4,-1.3,0.5,2.0,-0.4,"aminual01, gordoer01, lopezro01, vasqugr01",4,2013,NOH
A. Aminu | A. Davis | E. Gordon | G. Vásquez NOH 2013,636.1166666666667,1.6,0.2,0.5,-0.001,-3.5,-8.4,-0.017,-0.021,4.8,5.0,0.040999999999999995,1.8,4.7,2.9,4.7,2.4,5.4,-2.6,-0.1,1.5,0.3,-1.2,"aminual01, davisan02, gordoer01, vasqugr01",4,2013,NOH
A. Davis | E. Gordon | R. Lopez | G. Vásquez NOH 2013,580.0833333333334,0.8,0.9,1.0,0.005,-3.6,-8.6,-0.013000000000000001,-0.016,2.6,1.0,0.099,1.6,5.2,4.1,5.2,2.9,6.4,-3.7,-0.7,1.5,1.7,-0.1,"davisan02, gordoer01, lopezro01, vasqugr01",4,2013,NOH
A. Aminu | A. Davis | E. Gordon | R. Lopez NOH 2013,522.4333333333333,-2.4,-0.2,2.4,-0.015,-4.0,-9.6,-0.027000000000000003,-0.038,2.0,1.3,0.055999999999999994,3.0,6.6,2.8,6.6,3.0,6.8,-4.1,-0.4,1.1,1.7,-0.3,"aminual01, davisan02, gordoer01, lopezro01",4,2013,NOH
A. Aminu | R. Anderson | R. Lopez | G. Vásquez NOH 2013,504.03333333333336,-8.6,-2.9,2.6,-0.044000000000000004,-1.4,2.5,-0.099,-0.053,-1.5,-2.2,0.013000000000000001,5.5,9.7,2.0,9.7,3.8,8.2,-3.5,-3.0,-1.0,4.8,1.4,"aminual01, anderry01, lopezro01, vasqugr01",4,2013,NOH
A. Aminu | R. Lopez | A. Rivers | G. Vásquez NOH 2013,302.6,-4.1,0.5,-0.9,0.01,-4.1,-8.7,-0.033,-0.012,-1.0,-2.4,0.044000000000000004,0.1,1.4,2.0,1.4,0.9,2.1,-4.1,-2.5,-1.0,2.4,2.9,"aminual01, lopezro01, riverau01, vasqugr01",4,2013,NOH
R. Anderson | R. Lopez | R. Mason | G. Vásquez NOH 2013,297.6,-2.5,-0.2,1.2,-0.009000000000000001,1.3,5.9,-0.052000000000000005,-0.002,-3.5,-6.7,0.073,3.4,8.6,4.7,8.6,3.7,8.5,0.6,-4.3,-1.3,6.1,0.9,"anderry01, lopezro01, masonro01, vasqugr01",4,2013,NOH
A. Aminu | R. Anderson | E. Gordon | G. Vásquez NOH 2013,286.35,-1.9,-3.4,2.1,-0.049,1.7,5.0,0.0,-0.040999999999999995,3.3,7.6,-0.10300000000000001,6.1,9.6,0.6,9.6,3.4,7.3,-2.1,-1.9,0.8,0.7,-2.0,"aminual01, anderry01, gordoer01, vasqugr01",4,2013,NOH
A. Aminu | R. Lopez | R. Mason | G. Vásquez NOH 2013,277.53333333333336,0.1,2.1,3.7,0.004,-2.7,-1.4,-0.09,-0.013000000000000001,-1.4,-5.2,0.12,6.0,13.6,6.1,13.6,6.1,13.8,0.0,-3.6,-0.3,4.5,1.1,"aminual01, lopezro01, masonro01, vasqugr01",4,2013,NOH
R. Anderson | R. Lopez | A. Rivers | G. Vásquez NOH 2013,257.71666666666664,-4.2,-0.9,2.5,-0.022000000000000002,1.1,0.7,0.034,-0.017,-3.6,-4.4,-0.016,-2.7,-6.0,-3.6,-6.0,-3.1,-6.4,-5.4,0.2,-2.6,-1.9,1.5,"anderry01, lopezro01, riverau01, vasqugr01",4,2013,NOH
A. Aminu | R. Anderson | R. Mason | G. Vásquez NOH 2013,255.85,3.4,2.1,1.1,0.017,0.4,3.4,-0.033,0.018000000000000002,-1.1,-5.4,0.135,4.3,11.2,6.9,11.2,5.6,12.4,5.3,-4.5,-0.6,5.8,1.7,"aminual01, anderry01, masonro01, vasqugr01",4,2013,NOH
A. Aminu | R. Anderson | A. Rivers | G. Vásquez NOH 2013,248.73333333333332,-8.8,-1.8,0.8,-0.023,-3.9,-4.7,-0.083,-0.044000000000000004,-1.3,-3.9,0.073,-0.5,-0.4,0.6,-0.4,0.2,0.5,-6.7,-0.6,-0.3,0.2,2.8,"aminual01, anderry01, riverau01, vasqugr01",4,2013,NOH
A. Davis | R. Lopez | A. Rivers | G. Vásquez NOH 2013,248.31666666666666,-6.1,-1.6,-2.8,-0.003,-3.4,-14.0,0.079,-0.021,0.5,-0.6,0.054000000000000006,1.4,3.5,1.9,3.5,1.7,3.8,-5.5,-3.0,-1.8,4.6,0.8,"davisan02, lopezro01, riverau01, vasqugr01",4,2013,NOH
A. Aminu | R. Anderson | R. Lopez | R. Mason NOH 2013,210.86666666666667,1.2,3.1,3.0,0.018000000000000002,0.2,4.8,-0.079,0.017,-5.2,-7.8,0.053,5.7,14.1,7.9,14.1,6.8,15.0,3.0,-5.5,0.3,6.8,1.5,"aminual01, anderry01, lopezro01, masonro01",4,2013,NOH
R. Anderson | A. Rivers | B. Roberts | J. Smith NOH 2013,204.68333333333334,-1.3,1.6,6.2,-0.011000000000000001,-1.6,-3.4,-0.019,-0.023,-2.9,-4.2,0.024,-2.1,-6.6,-5.6,-6.6,-3.8,-8.0,-3.7,0.2,0.0,-6.2,-0.7,"anderry01, riverau01, roberbr01, smithja02",4,2013,NOH
A. Aminu | R. Anderson | E. Gordon | R. Lopez NOH 2013,197.63333333333333,-3.5,-3.6,9.0,-0.083,1.5,5.4,-0.008,-0.079,2.2,6.2,-0.129,14.7,21.8,1.8,21.8,8.4,17.1,-4.5,-4.3,-2.0,3.9,-0.7,"aminual01, anderry01, gordoer01, lopezro01",4,2013,NOH
A. Aminu | R. Anderson | A. Davis | G. Vásquez NOH 2013,190.33333333333334,4.8,-3.1,-2.3,-0.024,0.0,2.9,-0.039,-0.022000000000000002,11.0,15.0,-0.015,2.6,3.1,-1.6,3.1,0.6,1.2,1.8,0.8,4.2,-4.1,-2.9,"aminual01, anderry01, davisan02, vasqugr01",4,2013,NOH
R. Anderson | A. Davis | E. Gordon | G. Vásquez NOH 2013,190.11666666666667,-8.8,-8.4,-6.7,-0.06,0.2,2.9,-0.039,-0.055,7.9,10.9,-0.015,0.2,-0.2,-0.9,-0.2,-1.0,-2.3,-6.9,-2.1,2.1,0.5,-2.9,"anderry01, davisan02, gordoer01, vasqugr01",4,2013,NOH
R. Anderson | E. Gordon | R. Lopez | G. Vásquez NOH 2013,189.06666666666666,-4.4,-2.4,7.5,-0.065,3.1,7.0,0.02,-0.052000000000000005,-2.7,-2.2,-0.051,9.5,16.6,3.0,16.6,6.3,13.4,-1.0,-3.4,-2.8,5.3,0.6,"anderry01, gordoer01, lopezro01, vasqugr01",4,2013,NOH
A. Aminu | A. Davis | E. Gordon | B. Roberts NOP 2014,472.53333333333336,-9.0,-0.8,2.5,-0.023,-3.1,-8.7,0.008,-0.042,-4.3,-6.7,0.025,0.6,-0.5,-3.1,-0.5,-1.0,-2.3,-3.8,-0.6,0.4,0.6,1.8,"aminual01, davisan02, gordoer01, roberbr01",4,2014,NOP
A. Aminu | E. Gordon | J. Holiday | J. Smith NOP 2014,391.26666666666665,-1.8,-1.8,4.7,-0.043,-2.1,-6.8,0.022000000000000002,-0.055999999999999994,3.9,2.3,0.115,4.7,4.8,-3.8,4.8,0.5,1.1,0.7,2.2,0.1,-3.0,0.5,"aminual01, gordoer01, holidjr01, smithja02",4,2014,NOP
A. Aminu | A. Davis | E. Gordon | J. Holiday NOP 2014,349.6,1.1,2.1,5.6,-0.006,-4.2,-12.7,0.032,-0.032,1.1,-0.1,0.055,2.8,3.6,-1.7,3.6,0.7,1.6,2.6,4.3,3.1,-4.0,0.7,"aminual01, davisan02, gordoer01, holidjr01",4,2014,NOP
A. Davis | T. Evans | E. Gordon | B. Roberts NOP 2014,285.53333333333336,-3.4,-1.0,-4.9,0.015,-2.7,-6.5,-0.013999999999999999,0.001,1.4,1.3,0.013000000000000001,-4.1,-7.4,-0.6,-7.4,-2.6,-6.0,-1.0,2.7,2.9,-2.2,0.5,"davisan02, evansty01, gordoer01, roberbr01",4,2014,NOP
A. Ajinça | A. Davis | E. Gordon | B. Roberts NOP 2014,285.3333333333333,-15.2,-3.8,-3.2,-0.027000000000000003,-4.1,-9.8,-0.018000000000000002,-0.049,-3.4,-6.7,0.07400000000000001,-1.5,-2.8,0.1,-2.8,-0.8,-1.9,-3.9,-1.0,2.8,2.6,3.8,"ajincal01, davisan02, gordoer01, roberbr01",4,2014,NOP
A. Davis | E. Gordon | J. Holiday | J. Smith NOP 2014,283.03333333333336,5.8,2.6,7.8,-0.012,-3.9,-10.9,0.027000000000000003,-0.037000000000000005,4.6,4.6,0.049,2.2,1.4,-3.8,1.4,-0.7,-1.5,3.7,6.6,1.0,-7.8,-0.7,"davisan02, gordoer01, holidjr01, smithja02",4,2014,NOP
A. Aminu | R. Anderson | E. Gordon | J. Holiday NOP 2014,274.23333333333335,1.3,0.5,6.3,-0.027000000000000003,-0.6,-3.3,0.021,-0.033,1.0,0.2,0.039,6.3,9.4,-0.1,9.4,3.2,7.0,0.2,0.3,-3.1,-0.4,0.4,"aminual01, anderry01, gordoer01, holidjr01",4,2014,NOP
A. Aminu | A. Davis | E. Gordon | J. Smith NOP 2014,254.4,0.9,0.5,3.0,-0.011000000000000001,-3.9,-11.5,0.054000000000000006,-0.034,3.8,2.9,0.087,2.4,3.2,-1.3,3.2,0.7,1.5,1.0,3.4,3.1,-3.1,0.1,"aminual01, davisan02, gordoer01, smithja02",4,2014,NOP
A. Ajinça | A. Aminu | A. Davis | E. Gordon NOP 2014,242.43333333333334,-15.2,-3.0,-6.0,-0.001,-5.9,-13.7,-0.068,-0.032,-3.3,-6.2,0.053,-2.9,-4.9,0.1,-4.9,-1.4,-3.2,-1.8,-0.2,1.1,3.4,3.0,"ajincal01, aminual01, davisan02, gordoer01",4,2014,NOP
A. Davis | E. Gordon | B. Roberts | G. Stiemsma NOP 2014,241.5,1.7,2.8,3.5,0.013999999999999999,-1.1,-3.9,0.026000000000000002,0.006,-2.8,-6.5,0.075,-2.8,-6.6,-2.6,-6.6,-2.7,-6.5,-1.7,2.0,2.8,-2.2,0.1,"davisan02, gordoer01, roberbr01, stiemgr01",4,2014,NOP
A. Ajinça | A. Aminu | A. Davis | B. Roberts NOP 2014,221.28333333333333,-12.8,-2.5,-3.3,-0.011000000000000001,-4.2,-10.8,-0.052000000000000005,-0.033,-3.5,-7.8,0.09699999999999999,-1.4,-2.1,0.4,-2.1,-0.5,-1.0,-4.7,-1.0,1.2,2.9,3.3,"ajincal01, aminual01, davisan02, roberbr01",4,2014,NOP
A. Ajinça | A. Aminu | E. Gordon | B. Roberts NOP 2014,217.06666666666666,-8.8,-1.3,-3.7,0.006,-2.9,-7.7,-0.011000000000000001,-0.009000000000000001,-3.4,-6.3,0.055999999999999994,-1.7,-1.7,2.9,-1.7,0.5,1.1,-4.0,-1.1,1.7,3.5,2.5,"ajincal01, aminual01, gordoer01, roberbr01",4,2014,NOP
R. Anderson | E. Gordon | J. Holiday | J. Smith NOP 2014,208.58333333333334,1.9,-1.6,2.0,-0.026000000000000002,3.4,0.7,0.14,-0.009000000000000001,1.7,-1.8,0.16,3.9,5.5,-0.4,5.5,1.9,3.9,-1.2,-1.6,-3.6,1.6,1.5,"anderry01, gordoer01, holidjr01, smithja02",4,2014,NOP
A. Aminu | A. Davis | J. Holiday | J. Smith NOP 2014,205.76666666666668,1.0,0.3,4.1,-0.018000000000000002,-4.4,-12.3,-0.004,-0.044000000000000004,4.8,4.4,0.081,2.6,2.5,-3.0,2.5,-0.1,-0.3,3.2,4.9,3.9,-5.6,-0.1,"aminual01, davisan02, holidjr01, smithja02",4,2014,NOP
A. Davis | T. Evans | B. Roberts | G. Stiemsma NOP 2014,199.75,-12.2,-1.9,-1.1,-0.016,-0.8,-4.4,0.044000000000000004,-0.02,-7.6,-10.0,-0.008,-5.3,-11.2,-4.4,-11.2,-4.8,-10.6,-4.1,0.0,0.2,0.1,3.5,"davisan02, evansty01, roberbr01, stiemgr01",4,2014,NOP
A. Davis | T. Evans | E. Gordon | J. Holiday NOP 2014,176.76666666666668,1.0,2.6,3.5,0.011000000000000001,-4.9,-8.8,-0.07200000000000001,-0.02,0.6,0.7,0.001,-0.1,-1.2,-1.5,-1.2,-1.1,-2.5,2.3,5.2,3.2,-4.3,-2.6,"davisan02, evansty01, gordoer01, holidjr01",4,2014,NOP
A. Aminu | R. Anderson | J. Holiday | J. Smith NOP 2014,173.98333333333332,2.6,0.2,7.6,-0.033,1.9,0.0,0.085,-0.027000000000000003,0.2,-2.2,0.095,6.9,8.8,-1.3,8.8,2.9,5.8,0.6,0.5,-4.0,-1.4,2.3,"aminual01, anderry01, holidjr01, smithja02",4,2014,NOP
A. Aminu | A. Davis | E. Gordon | G. Stiemsma NOP 2014,171.56666666666666,-2.7,0.5,10.5,-0.051,-2.6,-8.5,0.053,-0.07200000000000001,-1.1,-2.8,0.036000000000000004,4.2,3.2,-7.8,3.2,-1.5,-3.6,-4.1,2.6,2.0,-5.2,-1.1,"aminual01, davisan02, gordoer01, stiemgr01",4,2014,NOP
A. Aminu | A. Davis | B. Roberts | G. Stiemsma NOP 2014,169.86666666666667,-7.2,-0.4,4.9,-0.033,-1.8,-8.0,0.109,-0.047,-4.6,-7.0,0.024,-1.8,-7.8,-7.1,-7.8,-4.4,-10.9,-3.3,1.5,2.5,-3.6,0.5,"aminual01, davisan02, roberbr01, stiemgr01",4,2014,NOP
A. Aminu | R. Anderson | E. Gordon | J. Smith NOP 2014,167.98333333333332,0.4,-0.5,8.2,-0.044000000000000004,1.0,-0.1,0.047,-0.042,0.4,-2.0,0.109,7.8,9.5,-2.2,9.5,2.9,5.7,0.3,0.6,-4.8,-1.2,2.1,"aminual01, anderry01, gordoer01, smithja02",4,2014,NOP
Ö. Aşık | A. Davis | T. Evans | E. Gordon NOP 2015,759.3666666666667,9.2,4.0,2.8,0.03,1.7,-0.4,0.10099999999999999,0.038,-0.5,1.4,-0.07400000000000001,3.5,7.0,2.5,7.0,3.0,6.6,2.8,0.0,0.8,1.0,-0.9,"asikom01, davisan02, evansty01, gordoer01",4,2015,NOP
Ö. Aşık | A. Davis | T. Evans | J. Holiday NOP 2015,530.3333333333334,2.5,1.9,3.0,0.005,-1.3,-3.7,0.006,-0.003,0.0,2.0,-0.07400000000000001,4.1,7.8,2.0,7.8,3.1,6.8,2.4,0.4,-1.6,0.6,0.5,"asikom01, davisan02, evansty01, holidjr01",4,2015,NOP
Ö. Aşık | T. Evans | E. Gordon | Q. Pondexter NOP 2015,520.3166666666667,2.7,-0.3,-1.6,0.005,2.9,2.3,0.09,0.022000000000000002,0.3,2.2,-0.062,1.6,3.2,1.3,3.2,1.4,3.1,2.9,-1.5,-0.7,3.2,-0.8,"asikom01, evansty01, gordoer01, pondequ01",4,2015,NOP
Ö. Aşık | D. Cunningham | T. Evans | E. Gordon NOP 2015,454.81666666666666,-0.3,-2.0,-1.3,-0.015,0.3,-3.9,0.079,-0.013000000000000001,3.4,4.7,0.0,4.3,8.4,2.8,8.4,3.6,7.7,2.4,-0.9,-1.6,4.0,-0.9,"asikom01, cunnida01, evansty01, gordoer01",4,2015,NOP
A. Davis | T. Evans | E. Gordon | Q. Pondexter NOP 2015,438.26666666666665,7.0,1.5,-1.7,0.026000000000000002,3.1,2.8,0.094,0.045,0.8,3.8,-0.087,0.2,1.0,1.2,1.0,0.5,1.2,0.2,-0.5,0.9,1.2,-0.9,"davisan02, evansty01, gordoer01, pondequ01",4,2015,NOP
Ö. Aşık | A. Davis | E. Gordon | Q. Pondexter NOP 2015,395.31666666666666,6.3,1.9,0.0,0.021,3.3,3.4,0.099,0.04,-0.9,1.5,-0.098,0.5,0.9,0.0,0.9,0.3,0.6,2.3,-0.3,0.0,1.8,-1.6,"asikom01, davisan02, gordoer01, pondequ01",4,2015,NOP
Ö. Aşık | A. Davis | T. Evans | Q. Pondexter NOP 2015,372.1,8.2,2.8,0.0,0.031,2.8,2.5,0.08800000000000001,0.047,-0.2,2.2,-0.092,1.1,2.4,0.8,2.4,1.1,2.5,2.0,-0.2,1.0,1.9,-1.6,"asikom01, davisan02, evansty01, pondequ01",4,2015,NOP
R. Anderson | A. Davis | T. Evans | J. Holiday NOP 2015,334.15,9.1,3.5,3.0,0.023,-0.4,-3.2,0.033,0.02,2.3,2.6,0.013000000000000001,0.7,1.0,-0.2,1.0,0.0,0.0,1.5,3.1,3.5,-3.4,-1.1,"anderry01, davisan02, evansty01, holidjr01",4,2015,NOP
A. Davis | T. Evans | E. Gordon | J. Holiday NOP 2015,330.23333333333335,7.4,5.0,8.1,0.013000000000000001,0.6,0.7,0.015,0.013000000000000001,-3.2,-2.9,-0.033,1.1,0.4,-2.3,0.4,-0.5,-1.0,1.6,4.2,1.9,-5.3,0.8,"davisan02, evansty01, gordoer01, holidjr01",4,2015,NOP
D. Cunningham | A. Davis | T. Evans | E. Gordon NOP 2015,287.48333333333335,3.7,1.2,0.7,0.009000000000000001,-0.5,-6.4,0.095,0.006,1.9,2.4,0.0,3.2,7.1,3.6,7.1,3.4,7.4,0.4,-0.9,0.7,1.7,-1.8,"cunnida01, davisan02, evansty01, gordoer01",4,2015,NOP
Ö. Aşık | D. Cunningham | A. Davis | T. Evans NOP 2015,280.81666666666666,10.8,4.8,-0.4,0.054000000000000006,-2.1,-8.9,0.08199999999999999,0.043,3.4,5.3,-0.028999999999999998,4.2,11.4,7.8,11.4,6.0,13.3,2.7,-0.4,1.3,1.9,-2.8,"asikom01, cunnida01, davisan02, evansty01",4,2015,NOP
Ö. Aşık | D. Cunningham | A. Davis | E. Gordon NOP 2015,249.03333333333333,10.7,3.1,1.1,0.028999999999999998,1.1,-4.3,0.157,0.034,3.4,3.6,0.031,5.1,11.1,5.0,11.1,5.0,11.0,4.0,0.0,1.1,0.8,-1.7,"asikom01, cunnida01, davisan02, gordoer01",4,2015,NOP
Ö. Aşık | L. Babbitt | T. Evans | J. Holiday NOP 2015,234.26666666666668,-0.9,-1.1,1.7,-0.02,-1.1,-3.9,0.018000000000000002,-0.027000000000000003,2.4,3.6,-0.026000000000000002,5.4,10.1,2.6,10.1,4.0,8.5,-0.4,0.6,-4.9,1.7,-0.1,"asikom01, babbilu01, evansty01, holidjr01",4,2015,NOP
L. Babbitt | A. Davis | T. Evans | J. Holiday NOP 2015,232.35,-2.3,-0.2,3.6,-0.02,-0.6,-3.1,0.026000000000000002,-0.025,-1.4,-0.1,-0.07400000000000001,5.2,9.3,1.5,9.3,3.5,7.3,0.4,0.2,-3.5,1.8,0.5,"babbilu01, davisan02, evansty01, holidjr01",4,2015,NOP
R. Anderson | A. Davis | T. Evans | E. Gordon NOP 2015,232.18333333333334,-6.0,-2.9,-1.1,-0.026000000000000002,1.4,3.9,-0.006,-0.018000000000000002,-1.6,-1.2,-0.022000000000000002,-3.9,-9.7,-5.7,-9.7,-5.2,-11.4,-4.5,4.5,1.8,-3.0,1.5,"anderry01, davisan02, evansty01, gordoer01",4,2015,NOP
Ö. Aşık | L. Babbitt | A. Davis | J. Holiday NOP 2015,224.68333333333334,-1.3,0.0,-0.4,0.002,-1.0,-6.0,0.064,-0.004,-0.3,1.4,-0.079,3.8,7.6,2.6,7.6,3.4,7.3,0.8,-1.0,-3.5,3.6,-0.3,"asikom01, babbilu01, davisan02, holidjr01",4,2015,NOP
Ö. Aşık | A. Davis | E. Gordon | J. Holiday NOP 2015,208.2,11.4,5.5,7.2,0.025,1.1,1.9,0.028999999999999998,0.028999999999999998,-0.8,-1.1,0.005,2.8,5.5,1.9,5.5,2.6,5.7,5.6,2.6,1.8,-2.9,1.6,"asikom01, davisan02, gordoer01, holidjr01",4,2015,NOP
Ö. Aşık | L. Babbitt | A. Davis | T. Evans NOP 2015,205.56666666666666,-0.5,-0.4,2.9,-0.019,-0.5,-4.1,0.06,-0.023,0.8,2.0,-0.043,6.4,11.9,2.1,11.9,4.3,9.2,1.3,0.0,-4.9,2.0,-0.5,"asikom01, babbilu01, davisan02, evansty01",4,2015,NOP
Ö. Aşık | T. Evans | E. Gordon | J. Holiday NOP 2015,182.01666666666668,14.3,7.6,9.1,0.039,2.7,2.3,0.107,0.05,-3.6,-2.6,-0.064,2.8,4.9,0.4,4.9,1.8,4.0,6.2,3.0,1.0,-3.7,1.8,"asikom01, evansty01, gordoer01, holidjr01",4,2015,NOP
D. Cunningham | T. Evans | E. Gordon | Q. Pondexter NOP 2015,162.81666666666666,1.6,-4.1,-4.7,-0.022000000000000002,2.1,-1.8,0.106,-0.008,7.7,8.4,0.105,2.5,6.4,5.1,6.4,4.0,8.4,6.5,-1.4,-2.4,5.1,-0.3,"cunnida01, evansty01, gordoer01, pondequ01",4,2015,NOP
R. Anderson | N. Cole | A. Davis | J. Holiday NOP 2016,243.2,0.8,-2.2,-0.2,-0.024,0.4,1.1,-0.001,-0.022000000000000002,4.7,4.9,0.034,0.2,-1.4,-3.5,-1.4,-2.2,-5.0,1.2,1.8,3.0,-2.9,-1.5,"anderry01, coleno01, davisan02, holidjr01",4,2016,NOP
R. Anderson | D. Cunningham | A. Davis | J. Holiday NOP 2016,241.48333333333332,5.2,2.6,4.5,0.006,-0.9,-0.6,-0.026000000000000002,-0.002,0.9,2.3,-0.034,0.6,-0.2,-2.7,-0.2,-1.8,-4.0,5.1,2.8,0.4,-4.2,0.5,"anderry01, cunnida01, davisan02, holidjr01",4,2016,NOP
A. Davis | T. Evans | A. Gee | E. Gordon NOP 2016,225.83333333333334,-4.5,-1.8,-2.1,-0.01,-1.4,-4.3,0.002,-0.017,0.5,-3.0,0.12300000000000001,2.2,3.9,0.9,3.9,1.9,4.0,0.4,-1.6,1.2,3.8,1.5,"davisan02, evansty01, geeal01, gordoer01",4,2016,NOP
Ö. Aşık | A. Davis | A. Gee | E. Gordon NOP 2016,223.51666666666668,-8.6,-3.3,-6.0,-0.006999999999999999,-2.8,-2.7,-0.081,-0.02,0.8,0.5,0.02,0.1,0.7,1.3,0.7,0.6,1.2,-0.4,1.0,-0.4,4.6,1.1,"asikom01, davisan02, geeal01, gordoer01",4,2016,NOP
R. Anderson | A. Davis | A. Gee | J. Holiday NOP 2016,205.06666666666666,8.6,2.6,5.8,-0.001,2.0,-0.8,0.084,0.006999999999999999,1.4,1.6,0.009000000000000001,0.6,-0.2,-2.6,-0.2,-1.2,-2.7,5.1,4.3,1.7,-5.3,-1.2,"anderry01, davisan02, geeal01, holidjr01",4,2016,NOP
R. Anderson | A. Davis | E. Gordon | J. Holiday NOP 2016,198.3,7.8,2.9,2.3,0.021,2.0,1.3,0.051,0.031,0.1,-1.9,0.057,1.1,2.8,1.0,2.8,0.4,0.9,3.3,-2.0,1.3,1.5,-0.5,"anderry01, davisan02, gordoer01, holidjr01",4,2016,NOP
Ö. Aşık | A. Davis | T. Evans | E. Gordon NOP 2016,193.3,-0.9,0.3,1.7,-0.005,0.5,-1.2,0.036000000000000004,-0.003,-2.0,-3.1,0.019,0.8,0.8,-0.9,0.8,-0.1,-0.3,2.3,2.2,-0.8,0.7,1.8,"asikom01, davisan02, evansty01, gordoer01",4,2016,NOP
Ö. Aşık | N. Cole | D. Cunningham | A. Davis NOP 2016,175.46666666666667,4.0,4.2,1.1,0.039,-3.4,-12.7,0.055,0.021,-1.0,2.0,-0.14400000000000002,-1.0,-2.1,-0.8,-2.1,-0.7,-1.6,-1.7,-0.7,0.5,-2.5,-2.5,"asikom01, coleno01, cunnida01, davisan02",4,2016,NOP
R. Anderson | N. Cole | D. Cunningham | J. Holiday NOP 2016,172.7,-1.1,-3.3,0.9,-0.043,-1.4,-4.6,0.005,-0.052000000000000005,6.9,10.1,-0.052000000000000005,-0.4,-4.3,-6.7,-4.3,-4.0,-9.5,-2.9,4.6,2.8,-7.5,-2.4,"anderry01, coleno01, cunnida01, holidjr01",4,2016,NOP
N. Cole | D. Cunningham | A. Davis | J. Holiday NOP 2016,170.33333333333334,-4.3,-1.7,-1.4,-0.012,-1.8,-6.2,0.009000000000000001,-0.022000000000000002,0.8,3.8,-0.086,-1.5,-5.1,-4.3,-5.1,-3.1,-7.4,-2.3,1.5,1.7,-3.6,-1.1,"coleno01, cunnida01, davisan02, holidjr01",4,2016,NOP
R. Anderson | A. Davis | E. Gordon | I. Smith NOP 2016,164.75,9.9,1.1,-6.0,0.045,-0.4,1.0,-0.031,0.046,8.2,10.4,-0.017,-3.6,-6.6,-0.3,-6.6,-2.1,-4.9,0.5,2.7,1.5,-3.1,-2.9,"anderry01, davisan02, gordoer01, smithis01",4,2016,NOP
R. Anderson | T. Douglas | A. Gee | J. Holiday NOP 2016,160.91666666666666,11.3,4.6,8.4,0.01,1.9,1.5,0.046,0.015,0.1,3.8,-0.14800000000000002,2.5,2.9,-3.7,2.9,-0.5,-1.0,0.5,5.1,-1.0,-7.2,-1.2,"anderry01, douglto01, geeal01, holidjr01",4,2016,NOP
R. Anderson | A. Davis | T. Douglas | J. Holiday NOP 2016,159.28333333333333,-3.2,2.4,9.9,-0.026000000000000002,-2.6,0.6,-0.098,-0.048,-5.5,-4.7,-0.07,2.8,3.2,-4.7,3.2,-1.2,-2.8,1.9,4.6,-0.5,-3.9,1.2,"anderry01, davisan02, douglto01, holidjr01",4,2016,NOP
Ö. Aşık | A. Davis | T. Evans | A. Gee NOP 2016,154.4,-12.5,-5.1,0.1,-0.055,-2.9,-1.7,-0.08199999999999999,-0.07,0.5,-1.6,0.087,4.3,5.8,-1.6,5.8,1.2,2.5,1.0,0.8,-1.6,4.3,1.4,"asikom01, davisan02, evansty01, geeal01",4,2016,NOP
R. Anderson | A. Davis | A. Gee | E. Gordon NOP 2016,152.96666666666667,0.3,-1.3,-4.9,0.008,-1.7,-7.3,0.021,0.0,4.7,4.8,0.026000000000000002,-1.7,-3.5,-1.5,-3.5,-1.4,-3.0,-0.3,0.2,1.4,0.9,-2.3,"anderry01, davisan02, geeal01, gordoer01",4,2016,NOP
R. Anderson | N. Cole | A. Gee | J. Holiday NOP 2016,143.76666666666668,19.4,6.5,0.8,0.068,0.9,-7.4,0.145,0.07200000000000001,5.5,4.9,0.10099999999999999,-3.6,-4.7,3.0,-4.7,-0.9,-1.9,7.1,3.8,2.3,-6.1,-1.5,"anderry01, coleno01, geeal01, holidjr01",4,2016,NOP
Ö. Aşık | T. Evans | A. Gee | E. Gordon NOP 2016,140.8,-0.5,-2.1,-4.7,0.0,-0.1,-3.4,0.040999999999999995,0.002,3.9,1.6,0.133,2.1,4.3,2.0,4.3,1.9,3.9,1.5,0.9,0.5,5.0,1.7,"asikom01, evansty01, geeal01, gordoer01",4,2016,NOP
D. Cunningham | A. Davis | T. Douglas | J. Holiday NOP 2016,138.75,-15.7,-3.2,6.5,-0.071,-4.7,-1.0,-0.163,-0.10099999999999999,-4.5,-5.3,-0.006,4.5,5.3,-5.3,5.3,-0.5,-1.1,-2.4,-0.6,-3.5,2.0,2.8,"cunnida01, davisan02, douglto01, holidjr01",4,2016,NOP
R. Anderson | N. Cole | D. Cunningham | A. Davis NOP 2016,128.93333333333334,-15.5,-6.5,-0.1,-0.076,-2.7,-4.1,-0.055999999999999994,-0.092,0.2,3.0,-0.085,0.0,-3.7,-7.7,-3.7,-4.4,-10.3,1.2,2.3,4.1,-4.5,0.2,"anderry01, coleno01, cunnida01, davisan02",4,2016,NOP
R. Anderson | A. Gee | E. Gordon | I. Smith NOP 2016,128.81666666666666,-3.3,0.1,-6.0,0.032,-4.0,-4.8,-0.102,0.012,0.6,1.6,-0.028999999999999998,-5.1,-8.4,0.6,-8.4,-2.3,-5.2,-0.5,1.5,-1.8,1.0,-1.6,"anderry01, geeal01, gordoer01, smithis01",4,2016,NOP
A. Davis | B. Hield | S. Hill | J. Holiday NOP 2017,459.98333333333335,1.4,0.0,-3.2,0.016,2.4,-1.0,0.099,0.031,-0.9,-1.9,0.027999999999999997,-3.7,-7.0,-1.7,-7.0,-2.7,-5.6,0.9,0.7,0.3,-0.2,-0.1,"davisan02, hieldbu01, hillso01, holidjr01",4,2017,NOP
D. Cunningham | A. Davis | S. Hill | J. Holiday NOP 2017,450.26666666666665,10.2,3.1,-1.4,0.042,1.3,-2.9,0.081,0.05,2.8,1.9,0.067,-3.4,-6.1,-0.8,-6.1,-1.9,-4.0,2.4,2.0,1.0,-3.4,-1.1,"cunnida01, davisan02, hillso01, holidjr01",4,2017,NOP
D. Cousins | A. Davis | S. Hill | J. Holiday NOP 2017,343.5,6.5,-0.3,-0.9,0.001,0.2,-0.1,0.01,0.003,6.9,6.8,0.08800000000000001,-0.5,-0.8,-0.1,-0.8,-0.4,-0.7,0.5,0.3,1.9,-1.5,-2.5,"couside01, davisan02, hillso01, holidjr01",4,2017,NOP
A. Davis | S. Hill | J. Holiday | E. Moore NOP 2017,328.48333333333335,7.7,2.7,-1.9,0.040999999999999995,-0.7,-6.2,0.045,0.037000000000000005,3.1,2.5,0.045,-2.5,-4.5,-0.8,-4.5,-1.4,-3.1,3.4,-0.1,4.5,-0.8,-1.0,"davisan02, hillso01, holidjr01, mooreet01",4,2017,NOP
A. Davis | T. Frazier | S. Hill | E. Moore NOP 2017,265.4,4.6,0.9,-7.2,0.048,-1.7,-6.1,0.024,0.043,4.4,7.0,-0.055,-4.0,-6.8,0.7,-6.8,-1.7,-3.6,-0.9,1.1,3.5,-1.3,-2.0,"davisan02, fraziti01, hillso01, mooreet01",4,2017,NOP
D. Cunningham | A. Davis | B. Hield | J. Holiday NOP 2017,259.0,4.6,0.7,-1.7,0.017,3.8,0.8,0.128,0.039,-0.7,-1.4,0.028999999999999998,-2.8,-5.3,-1.3,-5.3,-2.1,-4.5,4.7,2.0,-1.7,-2.4,-0.2,"cunnida01, davisan02, hieldbu01, holidjr01",4,2017,NOP
A. Davis | T. Frazier | S. Hill | J. Holiday NOP 2017,233.95,2.1,-0.5,-1.7,0.003,-1.0,-3.8,0.008,-0.001,4.0,4.7,0.025,-1.0,-3.1,-3.5,-3.1,-2.2,-4.6,-2.0,1.2,0.6,-1.6,-2.8,"davisan02, fraziti01, hillso01, holidjr01",4,2017,NOP
D. Cunningham | B. Hield | S. Hill | J. Holiday NOP 2017,219.73333333333332,6.8,0.1,0.0,0.001,5.9,3.8,0.153,0.034,0.7,0.0,0.042,-3.9,-8.1,-3.6,-8.1,-3.8,-8.0,3.6,3.9,-1.6,-4.1,-0.3,"cunnida01, hieldbu01, hillso01, holidjr01",4,2017,NOP
D. Cunningham | A. Davis | J. Holiday | E. Moore NOP 2017,217.65,6.0,2.6,0.6,0.026000000000000002,-3.1,-7.9,-0.02,0.008,3.9,5.8,-0.031,-1.9,-4.9,-3.9,-4.9,-2.5,-5.1,0.9,2.5,3.2,-5.4,-2.3,"cunnida01, davisan02, holidjr01, mooreet01",4,2017,NOP
A. Davis | S. Hill | J. Holiday | T. Jones NOP 2017,213.4,10.1,4.8,-1.6,0.061,-0.4,-5.8,0.054000000000000006,0.059000000000000004,0.8,0.3,0.03,-4.9,-8.4,-1.5,-8.4,-2.8,-5.6,2.4,-2.0,1.0,-2.6,-1.1,"davisan02, hillso01, holidjr01, joneste01",4,2017,NOP
D. Cunningham | A. Davis | B. Hield | S. Hill NOP 2017,203.08333333333334,8.1,1.6,-1.4,0.025,5.6,2.4,0.16399999999999998,0.057,-0.8,-2.7,0.079,-4.7,-8.5,-1.6,-8.5,-3.2,-6.7,2.4,2.5,-0.5,-2.2,0.2,"cunnida01, davisan02, hieldbu01, hillso01",4,2017,NOP
A. Davis | B. Hield | J. Holiday | T. Jones NOP 2017,185.91666666666666,5.3,5.0,-2.5,0.067,-0.1,-6.2,0.07200000000000001,0.068,-4.5,-4.2,-0.08199999999999999,-6.4,-11.7,-3.4,-11.7,-4.7,-9.5,3.9,-0.6,1.0,-2.4,-0.3,"davisan02, hieldbu01, holidjr01, joneste01",4,2017,NOP
Ö. Aşık | A. Davis | T. Frazier | E. Moore NOP 2017,184.63333333333333,-0.3,-0.1,-5.3,0.025,-3.5,-7.8,-0.017,0.009000000000000001,3.4,5.0,-0.04,-3.5,-6.2,-0.7,-6.2,-2.1,-4.5,-3.0,-0.2,2.7,-1.6,-2.1,"asikom01, davisan02, fraziti01, mooreet01",4,2017,NOP
D. Cunningham | A. Davis | T. Frazier | E. Moore NOP 2017,183.55,3.7,4.2,2.5,0.035,-1.2,-5.5,0.03,0.026000000000000002,-3.5,-3.5,-0.026000000000000002,-1.0,-2.3,-1.3,-2.3,-1.0,-2.3,-0.6,0.5,3.9,-2.3,0.7,"cunnida01, davisan02, fraziti01, mooreet01",4,2017,NOP
D. Cunningham | A. Davis | S. Hill | E. Moore NOP 2017,181.93333333333334,11.9,5.3,0.2,0.06,-1.4,-8.3,0.055999999999999994,0.052000000000000005,2.7,4.3,-0.024,-2.5,-6.1,-3.1,-6.1,-2.2,-5.2,1.4,2.0,4.8,-5.4,-1.2,"cunnida01, davisan02, hillso01, mooreet01",4,2017,NOP
B. Hield | S. Hill | J. Holiday | T. Jones NOP 2017,179.03333333333333,10.3,3.7,-1.5,0.048,3.2,-3.5,0.142,0.066,-0.2,0.4,-0.033,-4.0,-7.2,-1.5,-7.2,-2.4,-4.9,3.5,-1.5,-0.9,-2.1,-0.7,"hieldbu01, hillso01, holidjr01, joneste01",4,2017,NOP
Ö. Aşık | A. Davis | T. Frazier | S. Hill NOP 2017,178.7,-3.0,-3.7,-4.7,-0.017,-2.2,-5.9,-0.002,-0.027000000000000003,6.6,10.2,-0.057999999999999996,-1.1,-2.4,-1.0,-2.4,-1.1,-2.4,-3.4,0.8,-0.8,-0.6,-2.6,"asikom01, davisan02, fraziti01, hillso01",4,2017,NOP
A. Davis | B. Hield | S. Hill | T. Jones NOP 2017,152.68333333333334,7.8,4.2,-2.5,0.059000000000000004,-0.9,-5.9,0.039,0.055,0.4,0.1,0.019,-4.4,-7.7,-1.4,-7.7,-2.8,-5.7,2.0,-2.8,-0.3,-1.5,-2.0,"davisan02, hieldbu01, hillso01, joneste01",4,2017,NOP
A. Ajinça | A. Davis | S. Hill | J. Holiday NOP 2017,134.71666666666667,10.0,3.5,-6.9,0.07400000000000001,-1.2,-10.5,0.09300000000000001,0.071,4.2,3.0,0.08,-2.8,-0.8,7.6,-0.8,2.2,4.8,2.6,2.3,2.7,0.5,0.7,"ajincal01, davisan02, hillso01, holidjr01",4,2017,NOP
T. Evans | L. Galloway | T. Jones | E. Moore NOP 2017,131.96666666666667,-10.0,-7.5,-2.6,-0.068,4.5,15.7,-0.08,-0.042,0.6,2.9,-0.077,-3.9,-11.9,-12.3,-11.9,-8.2,-17.0,-4.0,3.5,1.2,-4.3,-1.5,"evansty01, gallola01, joneste01, mooreet01",4,2017,NOP
A. Davis | J. Holiday | E. Moore | R. Rondo NOP 2018,940.2333333333333,5.5,3.0,-2.6,0.046,-1.2,-4.3,0.016,0.040999999999999995,0.7,0.8,0.005,-3.1,-4.6,1.5,-4.6,-0.8,-1.9,3.9,1.0,2.2,-0.6,-1.6,"davisan02, holidjr01, mooreet01, rondora01",4,2018,NOP
D. Cousins | A. Davis | J. Holiday | E. Moore NOP 2018,822.0833333333334,4.4,1.9,-3.6,0.040999999999999995,-3.1,-6.2,-0.028999999999999998,0.026000000000000002,3.6,3.7,0.037000000000000005,-1.6,-1.5,2.8,-1.5,0.5,1.1,3.0,-0.3,1.4,0.2,-3.3,"couside01, davisan02, holidjr01, mooreet01",4,2018,NOP
D. Cousins | J. Holiday | E. Moore | R. Rondo NOP 2018,555.65,-5.1,-1.9,-6.0,0.012,-2.5,-4.8,-0.023,0.002,1.1,1.4,0.0,-2.5,-4.5,0.0,-4.5,-1.4,-3.2,0.6,-2.3,0.9,2.6,-1.8,"couside01, holidjr01, mooreet01, rondora01",4,2018,NOP
D. Cousins | A. Davis | J. Holiday | R. Rondo NOP 2018,467.3666666666667,-4.3,-0.9,-3.1,0.006999999999999999,-4.0,-7.1,-0.047,-0.013000000000000001,1.5,0.6,0.066,-2.8,-5.3,-0.2,-5.3,-1.7,-4.1,0.4,-1.4,1.0,0.6,-2.6,"couside01, davisan02, holidjr01, rondora01",4,2018,NOP
D. Cousins | A. Davis | E. Moore | R. Rondo NOP 2018,433.03333333333336,-2.3,-1.2,-3.3,0.005,-3.5,-6.5,-0.039,-0.012,3.5,3.7,0.039,-2.4,-4.6,-0.3,-4.6,-1.5,-3.6,1.0,-0.6,0.8,0.1,-3.0,"couside01, davisan02, mooreet01, rondora01",4,2018,NOP
D. Cunningham | A. Davis | J. Holiday | E. Moore NOP 2018,341.5833333333333,5.5,2.3,-5.0,0.052000000000000005,-1.2,-3.3,-0.001,0.048,2.0,4.3,-0.09,-2.9,-4.2,1.8,-4.2,-0.3,-0.8,5.7,1.7,2.6,-0.9,-2.4,"cunnida01, davisan02, holidjr01, mooreet01",4,2018,NOP
D. Cousins | D. Cunningham | J. Holiday | E. Moore NOP 2018,337.75,-1.6,-1.3,-5.2,0.013000000000000001,-0.9,2.3,-0.059000000000000004,0.011000000000000001,1.9,4.3,-0.096,0.4,1.3,1.1,1.3,0.8,1.8,2.3,-0.1,1.7,2.4,-1.9,"couside01, cunnida01, holidjr01, mooreet01",4,2018,NOP
A. Davis | J. Holiday | N. Mirotić | E. Moore NOP 2018,321.01666666666665,11.7,4.7,-1.2,0.057,-1.2,-3.0,-0.002,0.052000000000000005,3.4,4.7,-0.013000000000000001,-2.6,-4.3,0.3,-4.3,-1.3,-2.9,2.4,3.7,4.3,-3.8,-1.5,"davisan02, holidjr01, mirotni01, mooreet01",4,2018,NOP
A. Davis | J. Holiday | D. Miller | E. Moore NOP 2018,313.15,12.9,6.4,-1.7,0.083,-0.4,-6.2,0.055999999999999994,0.08199999999999999,0.4,-0.2,0.023,-2.3,-2.8,2.9,-2.8,0.2,0.5,4.6,2.7,2.4,-3.4,-1.4,"davisan02, holidjr01, milleda01, mooreet01",4,2018,NOP
A. Davis | N. Mirotić | E. Moore | R. Rondo NOP 2018,266.28333333333336,22.8,8.8,-0.6,0.1,2.7,-1.7,0.11900000000000001,0.11599999999999999,2.5,5.7,-0.09699999999999999,-3.1,-3.9,3.1,-3.9,0.0,0.0,7.7,3.5,4.8,-2.8,-2.4,"davisan02, mirotni01, mooreet01, rondora01",4,2018,NOP
I. Clark | A. Davis | J. Holiday | D. Miller NOP 2018,241.11666666666667,0.9,-0.1,-6.3,0.031,-1.5,-7.9,0.034,0.025,2.7,1.6,0.054000000000000006,-3.0,-5.5,-1.1,-5.5,-1.8,-3.9,0.8,-1.0,0.9,1.7,-1.4,"clarkia01, davisan02, holidjr01, milleda01",4,2018,NOP
A. Davis | J. Holiday | N. Mirotić | R. Rondo NOP 2018,240.63333333333333,15.9,7.2,-0.8,0.083,1.8,-2.6,0.096,0.09300000000000001,-0.2,2.2,-0.1,-1.3,-0.3,3.7,-0.3,1.0,2.1,3.9,1.1,5.6,-0.6,-0.9,"davisan02, holidjr01, mirotni01, rondora01",4,2018,NOP
J. Holiday | N. Mirotić | E. Moore | R. Rondo NOP 2018,237.05,14.7,5.9,-2.7,0.079,1.7,-3.4,0.107,0.09,1.2,3.2,-0.06,-2.7,-3.3,2.5,-3.3,-0.2,-0.4,2.3,1.7,5.0,-0.7,-0.3,"holidjr01, mirotni01, mooreet01, rondora01",4,2018,NOP
D. Cousins | D. Cunningham | A. Davis | J. Holiday NOP 2018,232.25,1.6,1.7,-1.5,0.027999999999999997,-4.4,-2.5,-0.11599999999999999,0.004,2.6,3.8,-0.024,1.6,4.1,2.6,4.1,2.0,4.5,3.5,1.1,2.7,0.5,-2.9,"couside01, cunnida01, davisan02, holidjr01",4,2018,NOP
I. Clark | A. Davis | J. Holiday | E. Moore NOP 2018,225.11666666666667,23.2,6.1,-7.4,0.10800000000000001,-0.1,-6.5,0.071,0.111,11.1,10.4,0.15,-4.6,-5.0,5.6,-5.0,0.3,0.7,3.3,1.8,3.7,-1.9,-3.2,"clarkia01, davisan02, holidjr01, mooreet01",4,2018,NOP
D. Cousins | D. Cunningham | A. Davis | E. Moore NOP 2018,198.36666666666667,7.0,2.8,-2.6,0.046,-2.9,-1.3,-0.08199999999999999,0.031,4.3,6.8,-0.055,1.4,3.9,3.2,3.9,2.3,5.1,5.5,1.7,3.2,0.0,-3.8,"couside01, cunnida01, davisan02, mooreet01",4,2018,NOP
A. Davis | J. Holiday | E. Moore | E. Okafor NOP 2018,192.1,5.1,5.7,0.5,0.057,-3.6,-5.7,-0.062,0.039,-2.8,-4.7,0.083,-1.4,-0.8,2.7,-0.8,0.7,1.5,3.3,1.2,3.1,-0.9,-0.2,"davisan02, holidjr01, mooreet01, okafoem01",4,2018,NOP
D. Cunningham | J. Holiday | E. Moore | R. Rondo NOP 2018,188.61666666666667,-2.6,-1.5,-7.7,0.022000000000000002,2.9,4.4,0.046,0.040999999999999995,-2.5,-0.7,-0.135,-5.2,-9.8,-2.3,-9.8,-3.5,-7.6,6.6,0.4,2.1,1.2,0.5,"cunnida01, holidjr01, mooreet01, rondora01",4,2018,NOP
J. Holiday | E. Moore | E. Okafor | R. Rondo NOP 2018,174.81666666666666,6.6,5.8,2.1,0.051,-1.8,-3.4,-0.025,0.04,-3.2,-4.5,0.037000000000000005,-0.8,-0.7,1.3,-0.7,0.3,0.5,3.9,2.6,3.4,-2.9,-0.3,"holidjr01, mooreet01, okafoem01, rondora01",4,2018,NOP
D. Cousins | J. Holiday | D. Miller | E. Moore NOP 2018,168.83333333333334,6.7,2.8,-2.4,0.048,0.8,-6.7,0.113,0.055999999999999994,0.3,2.7,-0.06,1.8,5.4,3.6,5.4,2.4,6.0,0.9,-1.0,-2.2,1.4,-2.5,"couside01, holidjr01, milleda01, mooreet01",4,2018,NOP
A. Davis | J. Holiday | E. Moore | J. Randle NOP 2019,427.78333333333336,8.3,5.0,3.2,0.039,-2.1,-7.0,0.017,0.025,0.4,1.4,-0.027000000000000003,1.0,4.1,4.3,4.1,2.8,6.1,4.6,0.7,0.4,-1.4,-1.1,"davisan02, holidjr01, mooreet01, randlju01",4,2019,NOP
A. Davis | J. Holiday | N. Mirotić | E. Moore NOP 2019,338.51666666666665,10.7,3.2,-2.3,0.047,0.8,-0.7,0.038,0.053,3.5,4.8,-0.01,-0.9,0.8,3.9,0.8,1.4,3.1,4.5,-0.4,3.5,-1.3,-0.6,"davisan02, holidjr01, mirotni01, mooreet01",4,2019,NOP
A. Davis | J. Holiday | E. Payton | J. Randle NOP 2019,235.93333333333334,15.3,6.5,4.9,0.047,-5.2,-11.3,-0.027000000000000003,0.013000000000000001,7.5,9.2,0.012,3.9,10.2,6.0,10.2,5.0,11.6,1.8,3.1,0.4,-3.1,-4.0,"davisan02, holidjr01, paytoel01, randlju01",4,2019,NOP
A. Davis | J. Holiday | D. Miller | J. Randle NOP 2019,235.43333333333334,11.8,7.3,2.3,0.07,-3.1,-7.4,-0.026000000000000002,0.051,0.3,-0.3,0.019,-0.5,2.6,6.9,2.6,2.9,6.0,4.3,1.6,1.6,-1.4,0.4,"davisan02, holidjr01, milleda01, randlju01",4,2019,NOP
A. Davis | T. Frazier | J. Holiday | J. Randle NOP 2019,204.76666666666668,9.3,3.5,3.4,0.02,-3.4,-10.5,-0.002,-0.001,5.8,4.7,0.10099999999999999,3.6,9.4,6.0,9.4,4.9,11.1,2.6,1.1,2.1,0.6,-1.9,"davisan02, fraziti01, holidjr01, randlju01",4,2019,NOP
A. Davis | J. Holiday | W. Johnson | E. Moore NOP 2019,203.31666666666666,3.2,2.0,-2.1,0.032,-0.3,-3.8,0.038,0.032,-0.5,2.3,-0.11800000000000001,0.2,2.4,3.8,2.4,2.0,4.3,4.3,-3.0,3.0,2.1,-0.6,"davisan02, holidjr01, johnswe01, mooreet01",4,2019,NOP
A. Davis | J. Holiday | E. Moore | E. Payton NOP 2019,202.2,23.6,7.9,-1.3,0.094,-1.0,-8.6,0.094,0.09,8.9,11.5,-0.006999999999999999,0.6,5.1,7.0,5.1,3.9,8.9,6.8,4.0,1.8,-3.7,-4.0,"davisan02, holidjr01, mooreet01, paytoel01",4,2019,NOP
A. Davis | S. Hill | J. Holiday | J. Randle NOP 2019,194.05,3.0,1.4,1.3,0.009000000000000001,-5.2,-12.3,-0.042,-0.021,5.4,7.1,-0.001,3.2,8.5,6.3,8.5,4.7,10.1,2.9,-1.7,1.3,2.0,-3.6,"davisan02, hillso01, holidjr01, randlju01",4,2019,NOP
F. Jackson | E. Payton | J. Randle | K. Williams NOP 2019,190.1,-16.3,-3.1,3.5,-0.052000000000000005,-2.8,-1.9,-0.068,-0.07,-7.4,-4.7,-0.198,1.6,-1.0,-6.5,-1.0,-2.2,-4.9,3.1,-0.6,-2.0,0.5,-0.2,"jacksfr01, paytoel01, randlju01, willike04",4,2019,NOP
J. Holiday | E. Moore | E. Payton | J. Randle NOP 2019,180.41666666666666,9.9,3.8,-2.2,0.054000000000000006,-4.1,-11.9,0.02,0.033,6.5,7.8,0.01,0.9,3.7,4.2,3.7,2.6,6.1,-0.3,1.5,0.2,-0.7,-3.3,"holidjr01, mooreet01, paytoel01, randlju01",4,2019,NOP
A. Davis | J. Holiday | D. Miller | E. Moore NOP 2019,166.76666666666668,5.7,2.4,-2.2,0.036000000000000004,1.9,0.7,0.054000000000000006,0.048,-0.9,0.1,-0.033,-4.0,-6.0,-0.3,-6.0,-2.3,-4.6,2.0,1.3,0.4,-3.4,1.5,"davisan02, holidjr01, milleda01, mooreet01",4,2019,NOP
A. Davis | J. Holiday | W. Johnson | N. Mirotić NOP 2019,156.9,-3.6,-1.1,-7.2,0.025,1.8,-0.5,0.071,0.039,-3.3,-2.6,-0.084,-3.6,-4.5,3.8,-4.5,0.1,0.3,2.8,-5.4,2.7,5.4,1.5,"davisan02, holidjr01, johnswe01, mirotni01",4,2019,NOP
J. Holiday | W. Johnson | N. Mirotić | E. Moore NOP 2019,152.81666666666666,-5.4,-2.7,-3.9,-0.009000000000000001,0.9,0.9,0.022000000000000002,-0.002,-0.9,-0.3,-0.042,-0.6,0.0,2.1,0.0,0.8,1.7,1.8,-3.3,2.1,3.6,0.9,"holidjr01, johnswe01, mirotni01, mooreet01",4,2019,NOP
A. Davis | E. Payton | J. Randle | K. Williams NOP 2019,152.23333333333332,-9.1,-4.3,0.6,-0.051,-5.0,-9.9,-0.057,-0.079,4.5,7.4,-0.08,3.9,5.8,-1.0,5.8,1.5,3.3,-0.8,-1.2,1.2,0.9,-2.1,"davisan02, paytoel01, randlju01, willike04",4,2019,NOP
A. Davis | W. Johnson | N. Mirotić | E. Moore NOP 2019,139.76666666666668,-2.5,-0.5,-4.3,0.018000000000000002,1.9,0.4,0.067,0.03,-3.5,-1.8,-0.13,-2.1,-2.2,3.0,-2.2,0.3,0.8,3.7,-4.2,2.1,3.9,0.7,"davisan02, johnswe01, mirotni01, mooreet01",4,2019,NOP
A. Davis | T. Frazier | S. Hill | J. Holiday NOP 2019,139.21666666666667,5.1,1.6,1.3,0.012,-1.9,-8.2,0.035,0.0,3.8,4.8,-0.004,3.4,8.5,4.2,8.5,3.9,9.2,2.2,-0.1,0.6,1.4,-2.2,"davisan02, fraziti01, hillso01, holidjr01",4,2019,NOP
A. Davis | E. Moore | E. Payton | J. Randle NOP 2019,136.7,17.3,7.2,-0.8,0.08800000000000001,-2.6,-11.1,0.083,0.073,5.6,6.3,0.027000000000000003,-0.2,3.2,7.1,3.2,3.5,8.3,4.3,1.6,0.0,-1.2,-3.0,"davisan02, mooreet01, paytoel01, randlju01",4,2019,NOP
J. Holiday | D. Miller | E. Moore | J. Randle NOP 2019,135.38333333333333,0.5,-1.8,-3.1,-0.004,1.7,0.5,0.052000000000000005,0.008,2.3,2.3,0.022000000000000002,-1.9,-2.5,1.2,-2.5,-0.9,-1.9,-1.1,-0.5,-0.1,0.2,1.4,"holidjr01, milleda01, mooreet01, randlju01",4,2019,NOP
J. Holiday | F. Jackson | D. Miller | J. Okafor NOP 2019,129.35,-6.4,-1.1,-6.8,0.02,-2.3,0.0,-0.069,0.012,-1.9,-2.6,0.008,-3.0,-2.3,4.9,-2.3,0.9,1.9,-3.8,-3.4,1.1,6.8,0.6,"holidjr01, jacksfr01, milleda01, okafoja01",4,2019,NOP
J. Holiday | N. Mirotić | E. Moore | J. Randle NOP 2019,122.55,-0.5,-1.6,-2.8,-0.003,-1.6,3.4,-0.086,-0.01,4.2,3.4,0.061,-4.2,-9.9,-3.7,-9.9,-4.1,-9.9,-1.7,1.2,-0.7,-3.9,1.9,"holidjr01, mirotni01, mooreet01, randlju01",4,2019,NOP
L. Ball | D. Favors | J. Holiday | B. Ingram NOP 2020,562.6,7.7,3.9,-0.9,0.047,0.9,-2.9,0.06,0.052000000000000005,-0.9,0.0,-0.046,-0.5,1.6,4.4,1.6,1.9,4.1,6.6,-0.4,-0.2,1.3,-1.3,"balllo01, favorde01, holidjr01, ingrabr01",4,2020,NOP
L. Ball | J. Holiday | B. Ingram | J. Redick NOP 2020,321.51666666666665,-8.3,-3.5,-1.5,-0.031,2.9,4.0,0.039,-0.013000000000000001,-4.3,-5.4,0.004,-3.6,-9.2,-4.7,-9.2,-4.2,-10.1,-0.4,-2.1,1.2,2.1,-0.2,"balllo01, holidjr01, ingrabr01, redicjj01",4,2020,NOP
L. Ball | J. Holiday | B. Ingram | Z. Williamson NOP 2020,317.85,14.9,7.5,-0.5,0.085,-1.4,-8.4,0.045,0.078,1.2,3.5,-0.061,1.7,8.0,10.0,8.0,5.8,12.4,10.2,-1.2,-0.7,2.8,-2.3,"balllo01, holidjr01, ingrabr01, willizi01",4,2020,NOP
L. Ball | D. Favors | J. Holiday | Z. Williamson NOP 2020,314.26666666666665,19.0,8.2,-1.6,0.09699999999999999,-1.0,-9.5,0.07400000000000001,0.09300000000000001,3.6,5.6,-0.021,1.7,9.3,12.2,9.3,7.0,15.0,11.6,-0.3,-0.8,2.4,-2.6,"balllo01, favorde01, holidjr01, willizi01",4,2020,NOP
L. Ball | D. Favors | B. Ingram | J. Redick NOP 2020,312.2,-4.7,-3.0,-2.8,-0.019,2.8,5.0,0.023,-0.001,-1.5,-3.4,0.065,-1.9,-4.1,-1.0,-4.1,-1.5,-3.5,1.6,-2.1,1.2,3.1,-1.0,"balllo01, favorde01, ingrabr01, redicjj01",4,2020,NOP
D. Favors | J. Holiday | B. Ingram | Z. Williamson NOP 2020,305.03333333333336,14.8,7.0,-1.3,0.083,-2.6,-10.5,0.032,0.07,3.4,5.8,-0.036000000000000004,3.2,10.7,10.5,10.7,6.9,14.8,10.6,-1.0,-0.6,3.6,-2.4,"favorde01, holidjr01, ingrabr01, willizi01",4,2020,NOP
L. Ball | D. Favors | B. Ingram | Z. Williamson NOP 2020,302.76666666666665,13.9,5.5,-3.0,0.075,-1.4,-9.0,0.053,0.069,4.3,6.6,-0.012,1.6,8.2,10.4,8.2,6.0,12.8,9.3,-0.7,-1.0,3.4,-2.5,"balllo01, favorde01, ingrabr01, willizi01",4,2020,NOP
D. Favors | J. Holiday | B. Ingram | J. Redick NOP 2020,289.1333333333333,0.8,2.3,2.1,0.015,2.4,2.3,0.044000000000000004,0.026000000000000002,-6.2,-8.2,0.017,-2.1,-4.4,-1.2,-4.4,-1.6,-3.7,2.5,-0.2,0.6,0.3,-0.2,"favorde01, holidjr01, ingrabr01, redicjj01",4,2020,NOP
J. Hayes | J. Holiday | B. Ingram | J. Redick NOP 2020,269.3666666666667,7.1,2.1,0.7,0.021,2.4,0.5,0.069,0.035,0.5,0.1,0.013999999999999999,-1.7,-3.7,-1.3,-3.7,-1.5,-3.5,0.1,1.9,0.9,-1.4,0.3,"hayesja02, holidjr01, ingrabr01, redicjj01",4,2020,NOP
L. Ball | D. Favors | J. Hart | B. Ingram NOP 2020,233.86666666666667,-6.6,-4.0,-3.9,-0.024,2.8,7.5,-0.006999999999999999,-0.004,-1.5,1.2,-0.105,1.8,4.2,1.9,4.2,1.8,4.2,-0.1,-3.9,0.8,4.7,-0.3,"balllo01, favorde01, hartjo01, ingrabr01",4,2020,NOP
J. Holiday | B. Ingram | J. Redick | K. Williams NOP 2020,207.51666666666668,1.7,3.2,1.3,0.028999999999999998,0.1,-0.3,0.005,0.027999999999999997,-4.7,-5.1,-0.026000000000000002,-0.2,-0.5,-0.4,-0.5,-0.2,-0.5,0.8,1.3,0.9,0.8,-0.5,"holidjr01, ingrabr01, redicjj01, willike04",4,2020,NOP
L. Ball | D. Favors | J. Holiday | J. Redick NOP 2020,202.18333333333334,-2.8,0.3,2.3,-0.01,3.4,6.2,0.025,0.006999999999999999,-6.7,-9.9,0.087,-2.1,-5.5,-2.8,-5.5,-2.5,-6.1,3.5,-1.3,0.7,1.5,1.0,"balllo01, favorde01, holidjr01, redicjj01",4,2020,NOP
L. Ball | J. Hart | B. Ingram | J. Redick NOP 2020,195.61666666666667,-8.6,-5.1,-2.8,-0.044000000000000004,3.9,11.2,-0.008,-0.019,-2.2,-0.9,-0.07,0.5,0.4,-1.0,0.4,-0.2,-0.5,0.5,-1.8,2.0,3.2,-1.4,"balllo01, hartjo01, ingrabr01, redicjj01",4,2020,NOP
L. Ball | J. Hayes | B. Ingram | J. Redick NOP 2020,157.46666666666667,-7.7,-5.6,-2.2,-0.055,1.9,8.0,-0.022000000000000002,-0.040999999999999995,1.6,5.2,-0.08900000000000001,-1.8,-6.1,-6.3,-6.1,-4.1,-9.5,-2.7,-0.8,1.7,-0.9,-1.7,"balllo01, hayesja02, ingrabr01, redicjj01",4,2020,NOP
L. Ball | D. Favors | J. Hart | J. Holiday NOP 2020,149.15,19.4,6.5,-1.7,0.078,5.6,7.1,0.084,0.11,0.8,5.0,-0.14800000000000002,3.7,11.9,10.6,11.9,7.2,15.3,8.0,-0.7,0.6,1.1,-0.7,"balllo01, favorde01, hartjo01, holidjr01",4,2020,NOP
L. Ball | J. Hart | J. Hayes | B. Ingram NOP 2020,142.53333333333333,-11.5,-5.4,-0.4,-0.061,2.9,12.4,-0.04,-0.044000000000000004,-3.6,-1.1,-0.10400000000000001,1.6,0.8,-4.9,0.8,-1.6,-3.7,-0.5,-2.9,2.2,2.3,-1.4,"balllo01, hartjo01, hayesja02, ingrabr01",4,2020,NOP
L. Ball | J. Hart | J. Holiday | B. Ingram NOP 2020,138.85,-9.5,-1.0,-8.5,0.031,-0.8,2.0,-0.040999999999999995,0.033,-6.6,-3.0,-0.17,-3.6,-5.8,-0.6,-5.8,-1.9,-4.1,-2.0,0.9,2.0,2.3,0.9,"balllo01, hartjo01, holidjr01, ingrabr01",4,2020,NOP
J. Hart | J. Hayes | J. Holiday | J. Redick NOP 2020,130.8,14.1,5.9,-1.1,0.078,3.5,-1.9,0.128,0.1,-1.3,-2.3,0.018000000000000002,0.7,4.0,5.0,4.0,2.9,7.1,3.8,-2.1,0.0,1.8,1.7,"hartjo01, hayesja02, holidjr01, redicjj01",4,2020,NOP
J. Hayes | J. Holiday | J. Redick | K. Williams NOP 2020,129.43333333333334,9.3,3.6,-0.7,0.046,1.1,1.0,0.024,0.053,0.9,0.8,0.013000000000000001,-0.6,-0.4,1.2,-0.4,0.0,0.0,-1.3,3.4,1.9,-1.5,-0.9,"hayesja02, holidjr01, redicjj01, willike04",4,2020,NOP
J. Hart | J. Hayes | B. Ingram | J. Redick NOP 2020,127.96666666666667,0.2,-1.6,2.9,-0.039,3.2,7.2,0.016,-0.021,0.2,0.3,0.0,2.1,3.3,-2.0,3.3,0.2,0.4,2.0,-2.8,0.3,-0.2,0.0,"hartjo01, hayesja02, ingrabr01, redicjj01",4,2020,NOP
