player,pos,age,team_id,g,mp,pct_1,pct_2,pct_3,pct_4,pct_5,plus_minus_on,plus_minus_net,tov_bad_pass,tov_lost_ball,fouls_shooting,fouls_offensive,drawn_shooting,drawn_offensive,astd_pts,and1s,own_shots_blk,player_id,year
Tariq Abdul-Wahad 2000,SG,25,TOT,61,1578,1%,96%,3%,,,-2.2,-1.4,44,22,51,21,77,9,216,13,32,abdulta01,2000
Shareef Abdur-Rahim 2000,SF,23,VAN,82,3223,,,63%,35%,3%,-4.8,1.5,85,71,102,51,212,17,597,42,138,abdursh01,2000
Cory Alexander 2000,PG,26,DEN,29,329,97%,3%,,,,-3.5,-0.9,16,6,14,2,4,2,127,0,11,alexaco01,2000
Ray Allen* 2000,SG,24,MIL,82,3070,1%,96%,3%,,,2.3,8.5,72,59,87,24,148,11,664,42,61,allenra02,2000
Rafer Alston 2000,PG,23,MIL,27,361,100%,,,,,-14.7,-16.6,20,2,11,1,1,2,156,0,2,alstora01,2000
John Amaechi 2000,C,29,ORL,80,1684,,,,,100%,0.4,-0.1,57,40,78,24,120,23,204,23,78,amaecjo01,2000
Derek Anderson 2000,SG,25,LAC,64,2201,31%,66%,3%,,,-12.6,-2.0,80,34,56,14,123,29,476,21,36,anderde01,2000
Kenny Anderson 2000,PG,29,BOS,82,2593,97%,3%,,,,2.0,7.4,55,45,68,16,84,10,914,19,60,anderke01,2000
Nick Anderson 2000,SG,32,SAC,72,2094,,92%,8%,,,-0.2,-4.1,56,17,51,7,29,21,263,7,21,anderni01,2000
Shandon Anderson 2000,SF,26,HOU,82,2700,,51%,46%,3%,,-2.0,-2.7,88,46,84,23,120,18,546,32,65,andersh01,2000
Chris Anstey 2000,C,25,CHI,73,1007,,,,,100%,-6.4,7.0,28,13,75,17,51,30,144,13,23,anstech01,2000
Greg Anthony 2000,PG,32,POR,82,1548,97%,3%,,,,9.6,2.8,52,11,44,9,31,17,434,7,10,anthogr01,2000
B.J. Armstrong 2000,PG,32,CHI,27,583,100%,,,,,-14.4,-3.2,28,7,11,0,5,5,165,0,5,armstbj01,2000
Darrell Armstrong 2000,PG,31,ORL,82,2590,88%,12%,,,,-0.3,-2.4,162,38,34,14,49,34,1034,11,61,armstda01,2000
Chucky Atkins 2000,PG,25,ORL,82,1626,100%,,,,,-0.4,-1.4,74,25,41,13,30,14,653,7,36,atkinch01,2000
Stacey Augmon 2000,SG,31,POR,59,692,2%,62%,36%,,,-3.9,-14.3,14,14,24,4,22,8,117,5,10,augmost01,2000
Isaac Austin 2000,C,30,WAS,59,1173,,,,,100%,-8.9,-7.9,41,27,58,14,53,15,164,3,29,austiis01,2000
Anthony Avent 2000,PF,30,LAC,49,377,,,3%,86%,11%,-10.9,0.9,6,8,29,5,8,0,23,2,10,aventan01,2000
William Avery 2000,PG,20,MIN,59,484,81%,19%,,,,-11.5,-16.7,24,9,22,1,16,2,191,3,14,averywi01,2000
Toby Bailey 2000,SG,24,PHO,46,449,7%,52%,40%,1%,,5.0,-0.9,6,6,16,7,29,7,65,5,10,baileto01,2000
Vin Baker 2000,C,28,SEA,79,2849,,,,1%,99%,1.5,-1.0,51,54,102,56,175,21,347,44,106,bakervi01,2000
Charles Barkley* 2000,PF,36,HOU,20,620,,,20%,80%,,-2.0,-1.1,22,8,17,6,46,2,149,10,18,barklch01,2000
Dana Barros 2000,PG,32,BOS,72,1139,100%,,,,,-5.5,-6.9,34,15,30,3,18,16,298,0,8,barroda01,2000
Brent Barry 2000,SG,28,SEA,80,2726,,80%,20%,1%,,1.5,-0.7,89,17,97,21,57,37,627,16,19,barrybr01,2000
Drew Barry 2000,PG,26,TOT,16,159,76%,20%,4%,,,-8.3,-1.3,8,4,8,1,2,2,71,0,2,barrydr01,2000
Jon Barry 2000,SG,30,SAC,62,1281,1%,97%,2%,,,6.1,6.5,54,13,46,6,28,23,332,5,22,barryjo01,2000
Tony Battie 2000,C,23,BOS,82,1505,,,,10%,90%,0.6,1.9,31,14,122,6,58,11,139,13,21,battito01,2000
Jonathan Bender 2000,SF,19,IND,24,130,,16%,65%,18%,,0.8,-5.7,1,2,10,2,10,2,7,3,5,bendejo01,2000
Benoit Benjamin 2000,C,35,CLE,3,8,,,,,100%,54.4,60.6,0,0,0,0,0,1,0,0,0,benjabe01,2000
Corey Benjamin 2000,SG,21,CHI,48,862,4%,76%,19%,1%,,-11.4,0.3,20,15,40,16,36,5,116,6,16,benjaco01,2000
Mario Bennett 2000,PF,26,LAC,1,3,,,,38%,62%,33.3,45.1,0,0,1,0,0,0,0,0,0,bennema01,2000
Travis Best 2000,PG,27,IND,82,1691,100%,,,,,9.7,5.8,61,18,67,16,71,19,639,12,24,besttr01,2000
Mike Bibby 2000,PG,21,VAN,82,3155,99%,1%,,,,-5.8,-3.8,157,47,61,15,74,25,1416,12,38,bibbymi01,2000
Chauncey Billups 2000,SG,23,DEN,13,305,41%,59%,,,,-4.1,-1.6,15,2,2,2,19,2,87,5,5,billuch01,2000
Mookie Blaylock 2000,PG,32,GSW,73,2459,100%,,,,,-10.4,-3.4,110,18,59,1,26,12,1028,8,22,blaylmo01,2000
Corie Blount 2000,PF,31,PHO,38,446,,,2%,39%,59%,6.7,1.0,7,5,25,10,13,10,23,4,12,blounco01,2000
Muggsy Bogues 2000,PG,35,TOR,80,1731,100%,,,,,1.5,1.9,41,6,27,3,2,6,662,0,22,boguemu01,2000
Etdrick Bohannon 2000,PF,26,TOT,13,118,,,21%,78%,1%,-6.8,-1.8,3,1,13,4,10,1,14,0,2,bohanet01,2000
Calvin Booth 2000,C,23,WAS,11,143,,,,,100%,-3.5,-0.1,3,2,7,1,5,3,14,0,4,boothca01,2000
Lazaro Borrell 2000,SF,27,SEA,17,167,,13%,73%,14%,,9.9,8.5,4,2,1,0,5,0,23,1,5,borrela01,2000
Cal Bowdler 2000,SF,22,ATL,46,423,,,57%,42%,1%,-13.1,-9.3,4,8,24,4,15,2,30,4,10,bowdlca01,2000
Bruce Bowen 2000,SF,28,TOT,69,878,,43%,56%,1%,,3.2,0.0,11,4,29,3,18,13,73,1,9,bowenbr01,2000
Ryan Bowen 2000,SF,24,DEN,52,589,,26%,61%,14%,,-1.4,1.5,10,2,50,0,22,10,44,5,11,bowenry01,2000
Ira Bowman 2000,SG,26,PHI,11,20,,92%,8%,,,-23.3,-24.5,1,0,0,0,0,0,2,0,0,bowmair01,2000
Earl Boykins 2000,PG,23,TOT,26,261,100%,,,,,-20.0,-17.9,12,1,6,1,5,3,104,1,2,boykiea01,2000
Shawn Bradley 2000,C,27,DAL,77,1901,,,,,100%,0.7,7.2,48,3,148,18,70,40,128,10,32,bradlsh01,2000
A.J. Bramlett 2000,C,23,CLE,8,61,,,,46%,55%,-39.9,-34.4,0,0,7,2,0,2,0,0,2,bramlaj01,2000
Elton Brand 2000,PF,20,CHI,81,2999,,,,40%,60%,-13.3,-6.6,42,80,95,48,209,25,354,50,121,brandel01,2000
Terrell Brandon 2000,PG,29,MIN,71,2587,100%,,,,,6.8,10.3,119,31,68,6,60,27,1297,10,31,brandte01,2000
Chucky Brown 2000,PF,31,TOT,63,1096,,,58%,40%,2%,2.8,-2.8,26,3,50,5,20,5,149,2,4,brownch01,2000
Dee Brown 2000,PG,31,TOR,38,673,77%,23%,,,,-0.5,-1.0,23,1,24,3,3,2,187,1,14,brownde01,2000
Marcus Brown 2000,SG,25,DET,6,45,99%,1%,,,,-38.6,-39.0,2,0,5,0,1,0,6,0,1,brownma01,2000
P.J. Brown 2000,PF,30,MIA,80,2302,,,,78%,22%,9.7,10.3,37,21,102,28,77,32,323,21,40,brownpj01,2000
Randy Brown 2000,PG,31,CHI,59,1625,98%,2%,,,,-18.6,-11.7,70,15,44,8,27,19,423,5,31,brownra02,2000
Rick Brunson 2000,PG,27,NYK,37,289,61%,38%,1%,,,-9.4,-12.4,21,6,6,2,6,3,102,2,3,brunsri01,2000
Kobe Bryant* 2000,SG,21,LAL,66,2524,,97%,3%,,,9.9,4.9,69,51,94,14,156,13,699,49,52,bryanko01,2000
Mark Bryant 2000,PF,34,CLE,75,1712,,,3%,96%,1%,-4.1,3.3,24,18,71,31,33,22,137,6,17,bryanma01,2000
Greg Buckner 2000,SG,23,DAL,48,923,6%,41%,46%,7%,,1.2,5.5,13,4,58,9,19,28,131,6,12,buckngr01,2000
Jud Buechler 2000,SF,31,DET,58,657,,15%,75%,10%,,-0.2,-0.3,9,0,19,3,2,6,74,0,2,buechju01,2000
Rodney Buford 2000,SG,22,MIA,34,386,7%,81%,12%,,,-3.9,-10.3,4,1,12,2,10,3,45,2,10,buforro01,2000
Matt Bullard 2000,PF,32,HOU,56,1024,,,12%,52%,36%,-2.8,-2.2,23,4,35,4,13,9,151,2,15,bullama01,2000
Scott Burrell 2000,SF,29,NJN,74,1336,,,26%,74%,,4.2,6.1,23,5,103,4,16,18,162,5,15,burresc01,2000
Jason Caffey 2000,PF,26,GSW,71,2159,,,3%,58%,38%,-10.3,-2.6,36,37,96,40,128,21,266,23,78,caffeja01,2000
Michael Cage 2000,C,38,NJN,20,242,,,,35%,65%,-1.9,-2.2,1,2,15,1,1,3,20,1,1,cagemi01,2000
Marcus Camby 2000,C,25,NYK,59,1548,,,,39%,61%,5.3,5.3,27,11,95,17,92,20,110,17,26,cambyma01,2000
Elden Campbell 2000,C,31,CHH,78,2538,,,,10%,90%,2.5,-1.4,35,29,131,32,157,11,287,20,54,campbel01,2000
Antoine Carr 2000,SF,38,VAN,21,221,,,57%,43%,,-16.6,-12.2,3,2,19,3,3,1,16,0,4,carran01,2000
Chris Carr 2000,SF-SG,25,TOT,57,1166,1%,35%,63%,2%,,-11.4,-1.2,64,23,48,12,38,11,183,11,38,carrch01,2000
Anthony Carter 2000,PG,24,MIA,79,1859,95%,6%,,,,2.7,-5.1,109,27,55,19,44,12,838,14,30,cartean01,2000
Vince Carter 2000,SF,23,TOR,82,3126,,48%,49%,3%,,4.0,17.5,65,34,104,41,211,30,717,41,71,cartevi01,2000
Sam Cassell 2000,PG,30,MIL,81,2899,96%,4%,,,,3.0,9.9,126,65,64,33,150,37,1591,23,44,cassesa01,2000
Kelvin Cato 2000,C,25,HOU,65,1581,,,,7%,93%,0.9,3.4,12,26,100,15,90,18,60,22,33,catoke01,2000
Duane Causwell 2000,C,31,MIA,25,185,,,,,100%,-13.4,-19.7,0,2,23,3,13,1,4,4,3,causwdu01,2000
Cedric Ceballos 2000,SF,30,DAL,69,2064,1%,50%,40%,9%,,-4.6,-3.1,55,20,70,9,118,13,202,28,87,cebalce01,2000
John Celestand 2000,PG,22,LAL,16,185,89%,11%,,,,-4.0,-12.8,10,1,5,1,2,0,46,0,6,celesjo01,2000
Rex Chapman 2000,SG,32,PHO,53,957,6%,94%,,,,-1.3,-9.3,23,8,27,6,29,19,141,6,13,chapmre01,2000
Calbert Cheaney 2000,SG,28,BOS,67,1309,,76%,24%,,,-2.8,-3.4,22,11,59,5,7,14,182,3,6,cheanca01,2000
Pete Chilcutt 2000,PF,31,TOT,56,601,,,6%,72%,22%,-13.8,-9.8,11,4,36,1,2,6,62,0,3,chilcpe01,2000
Chris Childs 2000,PG,32,NYK,71,1675,91%,9%,,,,0.0,-3.5,68,17,100,8,11,31,609,2,17,childch01,2000
Doug Christie 2000,SG,29,TOR,73,2264,34%,56%,9%,,,0.6,0.5,64,31,44,24,59,10,681,7,57,chrisdo01,2000
Keon Clark 2000,C,24,DEN,81,1850,,,,43%,57%,-1.0,3.3,43,25,139,14,73,17,152,15,32,clarkke01,2000
Keith Closs 2000,C,23,LAC,57,820,,,,,100%,-10.3,1.9,9,12,62,2,35,3,58,9,13,closske01,2000
Derrick Coleman 2000,PF,32,CHH,74,2347,,,1%,83%,16%,1.1,-4.5,69,46,104,22,146,10,384,35,73,colemde01,2000
Bimbo Coles 2000,PG,31,ATL,80,1924,100%,,,,,-4.7,0.3,45,23,64,11,30,21,623,6,31,colesbi01,2000
Marty Conlon 2000,C,32,LAC,3,9,,,,100%,,-30.2,-18.5,0,0,1,0,0,0,0,0,0,conloma01,2000
Tyrone Corbin 2000,SF,37,SAC,54,941,,21%,77%,2%,,0.5,-1.4,12,8,30,4,11,2,127,4,18,corbity01,2000
Chris Crawford 2000,PF,24,ATL,55,668,,,49%,47%,4%,-4.7,0.1,11,9,24,9,37,10,71,9,11,crawfch01,2000
Austin Croshere 2000,PF,24,IND,81,1885,,,2%,45%,53%,9.7,6.5,35,24,93,33,93,17,222,16,47,croshau01,2000
John Crotty 2000,PG,30,DET,69,937,91%,9%,,,,3.6,4.7,27,13,33,7,24,10,271,3,20,crottjo01,2000
Terry Cummings 2000,PF,38,GSW,22,398,,,4%,71%,25%,-8.8,0.4,10,6,28,6,14,3,50,3,7,cummite01,2000
Vonteego Cummings 2000,PG,23,GSW,75,1793,64%,36%,,,,-8.0,2.0,69,25,79,13,63,13,545,11,44,cummivo01,2000
Bill Curley 2000,SF-PF,27,TOT,28,309,,,37%,46%,17%,-15.1,-10.3,10,3,28,6,10,6,31,1,7,curlebi01,2000
Dell Curry 2000,SG,35,TOR,67,1095,24%,71%,5%,,,-0.1,-0.6,24,8,27,3,6,3,190,0,8,curryde01,2000
Michael Curry 2000,SG,31,DET,82,1611,4%,94%,2%,,,-2.4,-3.9,40,12,79,13,55,29,195,12,18,currymi01,2000
Erick Dampier 2000,C,24,GSW,21,495,,,,,100%,-9.4,-0.3,6,10,38,4,26,4,44,11,24,dampier01,2000
Antonio Daniels 2000,SG,24,SAS,68,1195,4%,61%,35%,,,8.7,1.7,29,12,22,7,40,21,386,11,14,daniean01,2000
Kornél Dávid 2000,SF,28,TOT,32,474,,1%,79%,20%,1%,-16.0,-7.7,11,7,14,6,20,2,36,2,2,davidko01,2000
Antonio Davis 2000,C,31,TOR,79,2479,,,,6%,93%,0.7,0.9,28,37,126,26,158,35,245,30,89,davisan01,2000
Baron Davis 2000,PG,20,CHH,82,1523,74%,27%,,,,2.0,-1.6,88,13,80,14,50,7,653,9,24,davisba01,2000
Ben Davis 2000,PF,27,PHO,5,22,,,31%,58%,12%,-30.2,-36.2,2,1,0,0,0,0,4,0,2,davisbe01,2000
Dale Davis 2000,C,30,IND,74,2127,,,,64%,36%,6.1,-0.5,29,21,85,19,86,8,153,19,38,davisda01,2000
Emanual Davis 2000,PG,31,SEA,54,701,29%,69%,2%,,,-0.6,-2.8,26,7,26,4,13,7,159,4,15,davisem01,2000
Hubert Davis 2000,PG,29,DAL,79,1817,52%,47%,2%,,,-7.1,-7.4,33,11,40,13,25,14,326,6,10,davishu01,2000
Mark Davis 2000,SF,26,GSW,23,464,,9%,87%,4%,,-4.6,5.1,21,6,26,5,21,5,79,7,8,davisma02,2000
Ricky Davis 2000,SG,20,CHH,48,570,,49%,49%,2%,,-7.0,-11.7,27,8,20,2,18,1,132,6,9,davisri01,2000
Todd Day 2000,SG,30,PHO,58,941,18%,65%,18%,,,10.6,6.3,25,5,62,10,39,10,141,5,17,dayto01,2000
Andrew DeClercq 2000,C,26,CLE,82,1831,,,,47%,53%,-9.8,-7.0,29,30,143,33,69,37,113,14,54,declean01,2000
Vinny Del Negro 2000,PG,33,MIL,67,1211,46%,54%,,,,-6.6,-10.0,32,12,22,1,19,7,350,5,12,delnevi01,2000
Tony Delk 2000,PG,26,SAC,46,682,69%,31%,,,,11.3,11.6,13,10,22,2,21,5,114,3,20,delkto01,2000
Derrick Dial 2000,SG,24,SAS,8,95,78%,23%,,,,7.5,0.0,2,0,5,2,3,3,11,1,1,dialde01,2000
Michael Dickerson 2000,SG,24,VAN,82,3103,1%,98%,1%,,,-5.2,-0.7,61,40,101,29,130,11,468,28,92,dickemi01,2000
Vlade Divac* 2000,C,31,SAC,82,2374,,,,,100%,2.3,1.9,88,51,127,25,132,59,547,41,69,divacvl01,2000
Michael Doleac 2000,C,22,ORL,81,1335,,,,,100%,1.3,1.2,22,11,119,22,37,17,137,7,40,doleami01,2000
Sherman Douglas 2000,PG,33,NJN,20,309,96%,4%,,,,-11.8,-12.9,17,4,6,1,10,5,73,2,6,douglsh01,2000
Bryce Drew 2000,PG,25,HOU,72,1293,85%,15%,,,,1.6,4.1,36,13,37,4,11,7,378,2,9,drewbr01,2000
Chris Dudley 2000,C,34,NYK,47,459,,,,9%,92%,-8.3,-11.7,5,3,38,6,5,8,12,3,7,dudlech02,2000
Tim Duncan* 2000,PF,23,SAS,74,2875,,,,65%,35%,9.9,8.8,91,69,100,41,247,19,503,45,98,duncati01,2000
Howard Eisley 2000,PG,27,UTA,82,2096,66%,34%,,,,0.6,-8.6,80,20,71,15,23,15,758,4,31,eisleho01,2000
Obinna Ekezie 2000,PF,24,VAN,39,351,,,,32%,68%,-3.7,1.5,4,7,20,9,22,11,17,3,12,ekeziob01,2000
Mario Elie 2000,SF,36,SAS,79,2217,,51%,49%,,,7.4,-0.3,75,17,57,11,44,9,405,3,35,eliema01,2000
Sean Elliott 2000,SF,31,SAS,19,391,,,100%,,,10.7,3.5,9,4,12,2,9,0,60,2,8,elliose01,2000
Dale Ellis 2000,SG,39,TOT,42,564,,28%,71%,,,4.3,2.8,9,2,8,5,5,3,32,3,3,ellisda01,2000
LaPhonso Ellis 2000,PF,29,ATL,58,1309,,,67%,31%,2%,-5.2,-0.5,23,8,54,11,40,8,131,7,24,ellisla01,2000
Pervis Ellison 2000,C,32,BOS,30,269,,,,11%,89%,-22.1,-23.1,4,1,28,5,9,4,26,1,3,ellispe01,2000
Evan Eschmeyer 2000,C,24,NJN,31,373,,,,3%,97%,-1.4,-1.7,8,3,41,6,14,2,44,4,16,eschmev01,2000
Patrick Ewing* 2000,C,37,NYK,62,2035,,,,,100%,2.9,1.8,32,40,82,35,129,12,131,28,48,ewingpa01,2000
Tony Farmer 2000,PF,30,GSW,74,1199,,,2%,44%,55%,-4.9,6.1,27,20,53,22,85,25,160,13,31,farmeto01,2000
Jamie Feick 2000,C,25,NJN,81,2241,,,,10%,90%,0.1,-0.1,26,15,108,9,55,17,153,11,25,feickja01,2000
Danny Ferry 2000,PF,33,CLE,63,1326,,,5%,72%,23%,-5.4,1.0,30,5,74,15,11,20,136,1,6,ferryda01,2000
Michael Finley 2000,SF,26,DAL,82,3464,,7%,61%,29%,3%,-2.7,3.2,119,38,74,14,117,37,992,22,77,finlemi01,2000
Derek Fisher 2000,PG,25,LAL,78,1803,100%,,,,,11.4,5.9,51,11,40,6,46,67,460,10,13,fishede01,2000
Danny Fortson 2000,PF,23,BOS,55,856,,,9%,45%,46%,-0.4,0.3,12,11,68,28,73,17,62,19,36,fortsda01,2000
Greg Foster 2000,PF,31,SEA,60,718,,,,63%,37%,0.1,-2.0,18,3,50,5,5,5,99,2,7,fostegr01,2000
Jeff Foster 2000,C,23,IND,19,86,,,,47%,53%,-5.8,-12.4,0,2,10,0,10,0,12,1,2,fosteje01,2000
Rick Fox 2000,SF,30,LAL,82,1473,,2%,83%,16%,,7.3,-1.4,43,16,84,15,26,10,286,2,25,foxri01,2000
Adonal Foyle 2000,C,24,GSW,76,1654,,,,2%,98%,-9.7,-0.9,23,15,116,14,45,18,89,13,28,foylead01,2000
Steve Francis 2000,PG,22,HOU,77,2776,85%,14%,1%,,,-3.3,-7.2,121,69,62,38,131,19,1129,25,69,francst01,2000
Todd Fuller 2000,C,25,CHH,41,399,,,,,100%,-0.7,-4.0,2,2,26,7,19,0,10,3,18,fulleto02,2000
Lawrence Funderburke 2000,PF,29,SAC,75,1026,,,,97%,3%,2.4,1.0,8,10,31,12,66,14,79,19,33,fundela01,2000
Kevin Garnett* 2000,PF,23,MIN,81,3243,,,5%,87%,7%,5.4,11.6,102,38,70,38,144,15,855,28,41,garneke01,2000
Dean Garrett 2000,C,33,MIN,56,604,,,,32%,68%,4.0,1.0,8,5,45,3,11,8,40,2,10,garrede01,2000
Kiwane Lemorris Garris 2000,SG,25,ORL,3,23,66%,34%,1%,,,9.9,9.4,0,0,0,0,0,1,4,0,2,garriki01,2000
Pat Garrity 2000,SF,23,ORL,82,1479,,,45%,54%,1%,-1.3,-2.8,26,19,78,25,33,24,126,6,16,garripa01,2000
Chris Gatling 2000,PF,32,TOT,85,1811,,,6%,52%,42%,-1.8,-1.0,58,40,79,42,148,40,162,46,61,gatlich01,2000
Matt Geiger 2000,C,30,PHI,65,1406,,,,3%,97%,-2.0,-4.8,32,12,64,23,59,16,83,9,26,geigema01,2000
Devean George 2000,SF,22,LAL,49,345,,2%,44%,54%,1%,3.4,-5.2,7,6,28,5,13,1,27,1,12,georgde01,2000
Kendall Gill 2000,SF,31,NJN,76,2355,,24%,76%,,,-0.3,-1.0,38,16,78,16,102,14,463,15,79,gillke01,2000
Armen Gilliam 2000,PF,35,UTA,50,782,,,25%,75%,,-4.2,-11.1,22,11,27,14,35,2,93,3,28,gilliar01,2000
Dion Glover 2000,SG,21,ATL,30,446,,93%,6%,1%,,-13.2,-9.5,6,13,14,7,30,3,57,14,16,glovedi01,2000
Brian Grant 2000,PF,27,POR,63,1322,,,,26%,74%,5.3,-3.8,22,19,59,20,64,7,143,10,45,grantbr01,2000
Gary Grant 2000,PG,34,POR,3,24,51%,49%,,,,-23.8,-31.9,2,0,1,0,0,0,2,0,1,grantga01,2000
Horace Grant 2000,PF,34,SEA,76,2688,,,1%,90%,9%,2.5,2.2,36,10,108,7,38,28,441,11,17,grantho01,2000
Devin Gray 2000,SF,27,HOU,21,124,,,74%,26%,,-7.6,-6.7,2,2,10,0,13,1,11,4,3,grayde01,2000
A.C. Green 2000,PF,36,LAL,82,1929,,,,94%,6%,7.7,-0.8,19,18,53,7,33,18,177,6,25,greenac01,2000
Adrian Griffin 2000,SG,25,BOS,72,1927,,99%,1%,,,-1.1,-1.0,37,29,95,10,62,14,397,9,39,griffad01,2000
Tom Gugliotta 2000,PF,30,PHO,54,1767,,,,63%,37%,6.8,1.8,52,25,75,16,61,31,272,15,42,guglito01,2000
Darvin Ham 2000,SF,26,MIL,35,792,,8%,92%,1%,,5.9,6.8,7,7,39,9,36,11,96,13,13,hamda01,2000
Richard Hamilton 2000,SG,21,WAS,71,1373,12%,87%,2%,,,-3.8,-0.6,28,20,48,12,47,10,235,9,43,hamilri01,2000
Thomas Hamilton 2000,C,24,HOU,22,273,,,,,100%,-8.8,-8.2,10,10,15,0,11,1,35,4,14,hamilth01,2000
Tom Hammonds 2000,PF,32,MIN,56,372,,,4%,92%,4%,-13.0,-18.0,9,4,26,5,18,6,24,1,13,hammoto01,2000
Anfernee Hardaway 2000,SG,28,PHO,60,2253,1%,89%,10%,,,8.5,6.2,92,28,68,18,111,18,705,21,50,hardaan01,2000
Tim Hardaway 2000,PG,33,MIA,52,1672,100%,,,,,8.0,4.6,85,15,32,9,33,10,834,3,13,hardati01,2000
Ron Harper 2000,PG,36,LAL,80,2042,69%,31%,,,,7.2,-1.8,70,31,61,11,55,6,573,9,43,harpero01,2000
Matt Harpring 2000,SF,23,ORL,4,63,,53%,45%,2%,,-2.9,-3.5,0,1,1,0,2,1,16,1,1,harprma01,2000
Al Harrington 2000,PF,19,IND,50,854,,,92%,8%,,5.9,-0.5,26,17,41,8,41,16,83,5,24,harrial01,2000
Othella Harrington 2000,PF,26,VAN,82,2677,,,,65%,35%,-7.0,-5.8,70,46,102,51,112,25,214,19,76,harriot01,2000
Lucious Harris 2000,SG,29,NJN,77,1510,7%,90%,3%,,,0.7,0.8,24,4,34,4,32,17,221,3,17,harrilu01,2000
Antonio Harvey 2000,PF,29,POR,19,137,,,,33%,68%,15.5,7.9,4,3,12,3,5,2,11,2,4,harvean01,2000
Hersey Hawkins 2000,SG,33,CHI,61,1622,4%,95%,1%,,,-15.1,-5.8,62,25,61,4,52,11,290,10,25,hawkihe01,2000
Michael Hawkins 2000,PG,27,CHH,12,36,100%,,,,,11.3,8.4,0,0,1,0,0,0,26,0,1,hawkimi01,2000
Alan Henderson 2000,PF,27,ATL,82,2775,,,,97%,3%,-6.0,-3.9,36,43,116,27,146,15,159,30,90,hendeal01,2000
Cedric Henderson 2000,SF,24,CLE,61,1107,,5%,91%,3%,,-8.9,-4.0,33,14,33,9,43,10,119,8,24,hendece02,2000
Mark Hendrickson 2000,PF,25,TOT,15,71,,,16%,82%,2%,-16.3,-13.5,1,1,1,0,1,0,12,0,1,hendrma01,2000
Chris Herren 2000,PG,24,DEN,45,597,81%,19%,,,,-5.5,-3.3,22,6,25,5,15,6,239,2,16,herrech01,2000
Grant Hill* 2000,SF,27,DET,74,2776,,,92%,8%,,2.2,7.7,112,49,79,31,244,40,885,70,73,hillgr01,2000
Tyrone Hill 2000,PF,31,PHI,68,2155,,,,78%,22%,1.9,1.7,29,25,76,34,118,13,116,21,82,hillty01,2000
Fred Hoiberg 2000,SG,27,CHI,31,845,3%,61%,36%,,,-10.6,1.4,33,7,33,2,20,8,185,3,11,hoibefr01,2000
Derek Hood 2000,PF,23,CHH,2,4,,,100%,,,-88.9,-92.0,0,0,0,0,0,0,0,0,0,hoodde01,2000
Jeff Hornacek 2000,SG,36,UTA,77,2133,,99%,1%,,,6.6,4.3,62,27,44,13,41,36,414,9,32,hornaje01,2000
Robert Horry 2000,PF,29,LAL,76,1685,,,1%,97%,3%,10.7,4.6,37,18,77,9,42,35,249,13,12,horryro01,2000
Allan Houston 2000,SG,28,NYK,82,3169,9%,88%,3%,,,2.8,4.1,71,42,85,32,91,29,501,26,44,houstal01,2000
Juwan Howard 2000,PF,26,WAS,82,2909,,,,73%,27%,-4.1,-2.9,85,36,100,63,106,9,546,32,90,howarju01,2000
Troy Hudson 2000,PG,23,LAC,62,1592,100%,,,,,-11.4,0.6,65,20,21,6,28,24,532,4,19,hudsotr01,2000
Larry Hughes 2000,SG,21,TOT,82,2324,8%,71%,21%,,,-8.2,-5.9,87,45,83,16,149,12,430,28,90,hughela01,2000
Rick Hughes 2000,PF,26,DAL,21,224,,1%,43%,48%,8%,0.5,3.8,9,2,12,0,10,1,21,0,12,hugheri02,2000
Lindsey Hunter 2000,PG,29,DET,82,2919,100%,,,,,0.1,0.7,72,37,77,10,48,69,712,15,33,hunteli01,2000
Allen Iverson* 2000,SG,24,PHI,70,2853,25%,75%,,,,1.0,-0.3,100,43,49,23,241,33,689,58,136,iversal01,2000
Bobby Jackson 2000,PG,26,MIN,73,1034,96%,4%,,,,-1.9,-6.9,19,18,46,10,38,2,358,8,18,jacksbo01,2000
Jaren Jackson 2000,SG,32,SAS,81,1691,15%,74%,11%,,,4.2,-5.8,44,11,56,3,12,10,247,1,10,jacksja01,2000
Jermaine Jackson 2000,SG,23,DET,7,73,74%,26%,,,,0.9,0.9,3,1,2,1,4,4,9,0,1,jacksje01,2000
Jim Jackson 2000,SF,29,ATL,79,2767,,43%,56%,1%,,-4.7,0.7,100,27,75,20,63,9,490,12,47,jacksji01,2000
Mark Jackson 2000,PG,34,IND,81,2190,99%,2%,,,,4.1,-5.1,124,28,43,11,30,9,1423,9,31,jacksma01,2000
Randell Jackson 2000,PF,24,DAL,1,1,,,,,100%,50.0,53.1,0,0,0,0,0,0,0,0,0,jacksra02,2000
Sam Jacobson 2000,PG,24,TOT,52,681,9%,82%,9%,,,-8.5,-8.7,13,6,46,8,11,6,73,3,8,jacobsa01,2000
Tim James 2000,SF,23,MIA,4,23,,,100%,,,37.4,32.2,0,2,0,0,1,0,4,1,1,jamesti01,2000
Antawn Jamison 2000,SF,23,GSW,43,1556,,1%,81%,18%,,-8.5,1.1,44,28,50,20,87,9,193,27,57,jamisan01,2000
Harold Jamison 2000,PF,23,MIA,12,74,,,,33%,67%,-15.2,-21.0,1,2,7,1,4,0,9,0,6,jamisha01,2000
Anthony Johnson 2000,PG,25,TOT,56,637,32%,65%,2%,,,-2.3,-0.1,17,5,17,3,12,7,151,3,8,johnsan02,2000
Avery Johnson 2000,PG,34,SAS,82,2571,100%,,,,,6.8,-1.9,94,22,47,10,61,8,1060,19,60,johnsav01,2000
DeMarco Johnson 2000,PF,24,NYK,5,37,,,,99%,1%,4.0,1.9,0,1,0,2,0,0,0,0,1,johnsde02,2000
Ervin Johnson 2000,C,32,MIL,80,2129,,,,,100%,4.1,8.0,25,16,150,15,68,13,98,21,33,johnser02,2000
Kevin Johnson 2000,PG,33,PHO,6,113,100%,,,,,20.5,15.2,4,1,3,0,1,0,50,0,2,johnske02,2000
Larry Johnson 2000,PF,30,NYK,70,2281,,,37%,63%,1%,2.6,1.2,38,23,89,14,61,9,388,17,38,johnsla02,2000
Charles Jones 2000,PG,24,LAC,56,662,66%,34%,1%,,,-14.2,-3.0,22,1,16,3,8,5,208,1,6,jonesch03,2000
Damon Jones 2000,PG,23,TOT,55,612,99%,2%,,,,-8.3,-2.4,22,7,12,2,13,6,216,3,8,jonesda01,2000
Eddie Jones 2000,SG,28,CHH,72,2807,1%,95%,4%,,,6.4,11.7,85,29,57,17,140,54,635,28,50,jonesed02,2000
Jumaine Jones 2000,SF,20,PHI,33,138,,2%,65%,32%,1%,2.5,1.4,4,4,2,4,3,1,10,0,5,jonesju01,2000
Popeye Jones 2000,PF,29,DEN,40,330,,2%,13%,62%,23%,1.4,4.4,5,2,17,4,8,9,43,3,7,jonespo01,2000
Reggie Jordan 2000,PG,32,WAS,36,243,21%,79%,1%,,,4.4,8.4,11,4,13,1,5,3,69,1,10,jordare01,2000
Adam Keefe 2000,C,29,UTA,62,604,,,,55%,45%,-2.0,-7.9,17,6,29,15,12,5,72,3,18,keefead01,2000
Shawn Kemp 2000,C,30,CLE,82,2492,,,,,100%,-3.2,7.7,71,46,158,85,244,16,288,45,137,kempsh01,2000
Steve Kerr 2000,PG,34,SAS,32,268,84%,16%,,,,1.9,-6.1,5,2,6,0,1,2,25,0,0,kerrst01,2000
Jerome Kersey 2000,SF,37,SAS,72,1310,,,96%,5%,,6.2,-2.0,25,9,64,6,18,11,149,3,12,kerseje01,2000
Lari Ketner 2000,PF,22,TOT,22,132,,,,33%,67%,-27.0,-18.6,4,1,9,0,2,0,2,0,4,ketnela01,2000
Jason Kidd* 2000,PG,26,PHO,67,2616,100%,,,,,5.5,-0.9,162,40,53,6,74,17,1500,13,28,kiddja01,2000
Gerard King 2000,SF,27,WAS,62,1060,,,57%,41%,1%,-1.8,2.2,14,8,67,9,26,13,114,6,18,kingge02,2000
Kerry Kittles 2000,SG,25,NJN,62,1896,5%,95%,,,,2.1,3.8,32,12,42,4,51,9,313,12,23,kittlke01,2000
Joe Kleine 2000,C,38,POR,7,31,,,,,100%,27.4,19.6,2,0,5,0,2,0,5,1,0,kleinjo01,2000
Brevin Knight 2000,PG,24,CLE,65,1754,99%,1%,,,,-6.0,-0.1,101,23,61,10,49,30,978,12,26,knighbr01,2000
Travis Knight 2000,C,25,LAL,63,410,,,,5%,95%,2.7,-6.0,12,6,37,6,7,5,51,2,9,knightr01,2000
Toni Kukoč 2000,SF,31,TOT,56,1784,,,68%,31%,1%,-1.0,5.3,90,33,41,11,100,18,567,20,29,kukocto01,2000
Christian Laettner 2000,C,30,DET,82,2443,,,,5%,95%,-2.4,-6.1,73,39,129,34,123,17,413,21,61,laettch01,2000
Raef LaFrentz 2000,C,23,DEN,81,2435,,,,,100%,-3.1,-1.2,26,23,156,15,102,38,219,26,76,lafrera01,2000
Andrew Lang 2000,C,33,NYK,19,244,,,,,100%,-0.2,-2.4,1,0,14,2,2,0,8,1,6,langan01,2000
Antonio Lang 2000,SF,27,TOT,10,38,,38%,31%,31%,,-11.2,-12.0,1,0,4,0,1,0,4,1,1,langan02,2000
Trajan Langdon 2000,SG,23,CLE,10,145,,96%,4%,,,22.0,29.1,2,0,9,2,4,2,22,2,3,langdtr01,2000
Rusty LaRue 2000,PG,26,CHI,4,129,98%,2%,,,,-20.5,-9.2,5,1,3,0,1,0,22,0,0,larueru01,2000
Tim Legler 2000,SG,33,GSW,23,284,,84%,17%,,,-17.9,-9.5,1,2,12,2,5,2,52,0,3,legleti01,2000
Voshon Lenard 2000,SG,26,MIA,53,1434,12%,87%,2%,,,6.0,1.0,36,15,40,13,24,8,288,5,27,lenarvo01,2000
Quincy Lewis 2000,SG,22,UTA,74,896,,36%,65%,,,-4.2,-11.6,16,4,60,17,25,6,81,4,24,lewisqu01,2000
Rashard Lewis 2000,SF,20,SEA,82,1575,,1%,67%,32%,,3.1,2.3,20,26,67,14,58,5,161,16,29,lewisra02,2000
Randy Livingston 2000,PG,24,PHO,79,1081,89%,11%,,,,3.2,-3.5,53,12,48,13,21,8,375,6,27,livinra01,2000
Grant Long 2000,PF,33,VAN,42,920,,,2%,72%,26%,-0.8,5.5,31,5,33,7,27,28,95,4,7,longgr01,2000
Luc Longley 2000,C,31,PHO,72,1417,,,,,100%,0.4,-8.3,55,21,99,30,49,14,163,11,37,longllu01,2000
Felipe López 2000,SG,25,VAN,65,781,1%,73%,26%,1%,,-6.8,-2.2,23,13,35,6,48,12,95,7,34,lopezfe01,2000
Tyronn Lue 2000,PG,22,LAL,8,146,100%,,,,,-10.6,-19.5,2,2,4,1,3,4,37,2,5,luety01,2000
George Lynch 2000,SF,29,PHI,75,2416,,,75%,25%,,2.6,3.7,58,22,105,18,70,33,280,12,60,lynchge01,2000
Todd MacCulloch 2000,C,24,PHI,56,528,,,,,100%,1.5,0.4,6,8,51,4,22,2,29,8,12,maccuto01,2000
Sam Mack 2000,SF,29,GSW,23,333,,43%,53%,3%,,-10.7,-1.8,8,3,22,4,6,5,50,1,10,macksa01,2000
Don MacLean 2000,PF,30,PHO,16,143,,,,40%,60%,-6.7,-13.0,1,1,10,4,3,0,22,0,4,macledo01,2000
Corey Maggette 2000,SF,20,ORL,77,1370,,75%,25%,,,-0.8,-1.9,34,32,73,29,106,8,130,21,44,maggeco01,2000
Dan Majerle 2000,SG,34,MIA,69,2308,1%,80%,20%,,,6.5,2.7,43,4,60,7,22,24,444,6,17,majerda01,2000
Karl Malone* 2000,PF,36,UTA,82,2947,,,4%,90%,7%,8.2,14.4,115,21,77,60,292,22,658,75,78,malonka01,2000
Matt Maloney 2000,PG,28,CHI,51,1175,94%,7%,,,,-4.2,10.6,46,12,15,2,12,3,302,5,16,malonma01,2000
Danny Manning 2000,PF,33,MIL,72,1217,,,,49%,51%,-1.2,-2.4,28,6,76,18,24,13,159,10,13,mannida01,2000
Stephon Marbury 2000,PG,22,NJN,74,2881,93%,8%,,,,1.3,4.3,137,56,53,46,200,14,1439,47,82,marbust01,2000
Shawn Marion 2000,SF,21,PHO,51,1260,,6%,91%,3%,,5.5,-0.5,22,14,64,4,38,14,155,3,26,mariosh01,2000
Sean Marks 2000,PF,24,TOR,5,12,,,63%,37%,,-22.4,-22.9,2,0,1,1,1,0,0,0,0,marksse01,2000
Donny Marshall 2000,SF,27,CLE,6,39,,17%,83%,,,-5.6,0.5,1,0,1,2,3,1,0,0,1,marshdo02,2000
Donyell Marshall 2000,PF,26,GSW,64,2071,,,30%,65%,5%,-10.6,-3.1,57,33,102,15,82,4,361,14,58,marshdo01,2000
Darrick Martin 2000,PG,28,SAC,71,893,100%,,,,,0.5,-1.4,31,13,30,7,33,13,266,4,19,martida01,2000
Jamal Mashburn 2000,SF,27,MIA,76,2828,,1%,90%,9%,,7.6,7.8,78,35,87,28,84,6,654,19,61,mashbja01,2000
Anthony Mason 2000,SF,33,CHH,82,3133,,,64%,35%,1%,3.4,1.8,73,26,109,27,139,25,823,28,70,masonan01,2000
Tony Massenburg 2000,PF,32,HOU,10,109,,,20%,63%,16%,-3.1,-2.0,3,4,3,1,7,1,6,1,6,masseto01,2000
Vernon Maxwell 2000,SG,34,SEA,47,989,10%,86%,4%,,,-3.7,-7.3,10,22,17,9,46,9,166,6,21,maxweve01,2000
Walter McCarty 2000,PF,25,BOS,61,879,,,1%,82%,17%,-5.3,-6.1,32,12,37,6,19,15,155,1,9,mccarwa01,2000
George McCloud 2000,SF,32,DEN,78,2118,1%,43%,56%,,,-2.8,-0.3,82,23,83,12,58,4,514,16,34,mccloge01,2000
Jelani McCoy 2000,C,22,SEA,58,746,,,,43%,57%,1.8,0.0,9,13,53,7,44,8,53,12,20,mccoyje01,2000
Antonio McDyess 2000,PF,25,DEN,81,2698,,,17%,82%,1%,-4.4,-5.4,80,43,129,55,187,22,381,40,84,mcdyean01,2000
Tracy McGrady* 2000,SF,20,TOR,79,2462,,2%,82%,16%,,0.4,0.1,69,31,81,24,165,7,564,34,77,mcgratr01,2000
Jim McIlvaine 2000,C,27,NJN,66,1048,,,,,100%,0.9,1.1,11,7,109,16,24,37,78,3,18,mcilvji01,2000
Jeff McInnis 2000,PG,25,LAC,25,597,73%,24%,2%,,,-13.6,-2.2,17,1,19,4,6,6,206,3,5,mcinnje01,2000
Derrick McKey 2000,SF,33,IND,32,634,,1%,72%,27%,,8.0,2.0,12,3,36,2,20,6,84,2,9,mckeyde01,2000
Aaron McKie 2000,SG,27,PHI,82,1952,,54%,46%,,,0.2,-2.0,69,12,75,16,50,8,494,12,41,mckieaa01,2000
Roshown McLeod 2000,SF,24,ATL,44,860,,1%,99%,,,-8.0,-4.0,21,15,48,10,28,8,108,6,27,mcleoro01,2000
Ron Mercer 2000,SG,23,TOT,68,2377,,95%,5%,,,-0.2,1.3,48,40,58,20,109,23,357,21,69,mercero01,2000
Andre Miller 2000,PG,23,CLE,82,2093,91%,9%,,,,-3.6,5.0,80,34,66,20,115,28,1024,25,87,millean02,2000
Anthony Miller 2000,PF,28,HOU,35,476,,,3%,62%,35%,8.3,10.8,7,5,34,3,24,3,38,7,10,millean01,2000
Brad Miller 2000,C,23,CHH,55,961,,,,11%,89%,10.8,10.4,17,7,49,9,88,22,95,25,54,millebr01,2000
Oliver Miller 2000,C,29,PHO,51,1088,,,,1%,99%,6.5,1.0,38,15,58,10,28,4,151,11,23,milleol01,2000
Reggie Miller* 2000,SG,34,IND,81,2987,2%,91%,6%,,,5.9,-1.7,58,21,31,31,118,49,429,27,34,millere01,2000
Chris Mills 2000,SF,30,GSW,20,649,,28%,72%,,,-6.7,2.9,11,4,15,5,26,9,100,3,19,millsch01,2000
Terry Mills 2000,PF,32,DET,82,1842,,,,73%,27%,-1.7,-3.1,24,5,146,8,11,15,196,4,11,millste01,2000
Jason Miskiri 2000,PG,24,CHH,1,3,100%,,,,,-164.3,-167.4,0,0,2,0,0,0,2,0,0,miskija01,2000
Sam Mitchell 2000,SF,36,MIN,66,1227,,58%,41%,1%,,-2.4,-8.1,24,8,47,7,39,11,233,7,13,mitchsa01,2000
Cuttino Mobley 2000,SG,24,HOU,81,2496,1%,80%,19%,,,-0.9,0.7,92,30,62,21,108,15,463,23,46,moblecu01,2000
Nazr Mohammed 2000,C,22,PHI,28,190,,,,36%,64%,-4.9,-6.3,2,6,14,2,10,1,4,0,6,mohamna01,2000
Eric Montross 2000,C,28,DET,51,332,,,,,100%,-3.6,-3.9,8,4,38,7,2,3,16,0,7,montrer01,2000
Mikki Moore 2000,C,24,DET,29,488,,,,25%,75%,12.6,14.3,7,3,46,7,30,20,39,4,3,mooremi01,2000
Alonzo Mourning* 2000,C,29,MIA,79,2748,,,,,100%,7.1,5.8,41,54,95,69,219,24,301,41,68,mournal01,2000
Chris Mullin* 2000,SG,36,IND,47,582,6%,94%,1%,,,8.5,2.6,13,5,18,6,13,1,88,2,7,mullich01,2000
Eric Murdock 2000,PG,31,LAC,40,693,93%,7%,,,,-10.3,1.8,28,13,22,7,28,8,238,5,26,murdoer01,2000
Gheorghe Mureșan 2000,C,28,NJN,30,267,,,,,100%,6.9,7.3,4,4,26,6,13,0,20,3,6,muresgh01,2000
Lamond Murray 2000,SF,26,CLE,74,2365,,1%,90%,10%,,-6.3,-0.7,56,36,70,44,110,17,272,19,53,murrala01,2000
Tracy Murray 2000,SF,28,WAS,80,1831,,5%,94%,2%,,-3.0,0.8,41,18,73,15,51,12,156,6,34,murratr01,2000
Dikembe Mutombo* 2000,C,33,ATL,82,2984,,,,,100%,-1.5,13.1,32,43,103,50,143,19,229,34,44,mutomdi01,2000
Steve Nash* 2000,PG,25,DAL,56,1532,93%,7%,,,,2.2,8.6,71,8,35,10,12,22,615,3,12,nashst01,2000
Tyrone Nesby 2000,SG,24,LAC,73,2317,7%,62%,30%,1%,,-12.9,-2.8,39,12,87,29,83,5,266,14,33,nesbyty01,2000
Rasho Nesterović 2000,C,23,MIN,82,1723,,,,,100%,5.1,3.3,14,18,134,15,44,11,195,9,28,nestera01,2000
Johnny Newman 2000,SF,36,NJN,82,1763,,1%,97%,2%,,1.5,2.3,29,25,71,21,95,20,145,19,54,newmajo01,2000
Moochie Norris 2000,PG,26,HOU,30,502,100%,,,,,6.5,8.7,19,4,16,0,21,3,212,5,12,norrimo01,2000
Dirk Nowitzki 2000,PF,21,DAL,82,2938,,,1%,68%,31%,-1.6,5.9,64,36,138,18,134,52,459,31,54,nowitdi01,2000
Jermaine O'Neal 2000,C,21,POR,70,859,,,,18%,82%,2.4,-7.0,8,9,67,9,43,3,47,11,30,onealje01,2000
Shaquille O'Neal* 2000,C,27,LAL,79,3163,,,,,100%,10.4,10.9,87,33,144,45,327,12,665,110,59,onealsh01,2000
Charles Oakley 2000,PF,36,TOR,80,2431,,,3%,94%,4%,1.1,2.0,120,14,146,8,18,36,565,4,20,oaklech01,2000
Lamar Odom 2000,SF,20,LAC,76,2767,,1%,76%,23%,,-7.8,13.2,89,41,134,66,163,16,690,38,75,odomla01,2000
Hakeem Olajuwon* 2000,C,37,HOU,44,1049,,,,,100%,-2.4,-1.7,29,18,54,3,44,3,145,12,18,olajuha01,2000
Kevin Ollie 2000,PG,27,PHI,40,290,83%,18%,,,,2.2,1.1,5,3,11,0,18,6,99,5,7,ollieke01,2000
Michael Olowokandi 2000,C,24,LAC,80,2493,,,,7%,94%,-13.4,-4.4,30,34,135,40,73,4,95,13,53,olowomi01,2000
Greg Ostertag 2000,C,26,UTA,81,1606,,,,,100%,5.4,1.2,25,20,126,8,87,15,44,17,43,ostergr01,2000
Bo Outlaw 2000,PF,28,ORL,82,2326,,,64%,33%,3%,6.0,13.1,62,23,72,22,56,30,526,17,21,outlabo01,2000
Doug Overton 2000,PG,30,BOS,48,432,60%,38%,2%,,,-2.2,-1.9,9,6,17,2,5,2,113,2,8,overtdo01,2000
Billy Owens 2000,PF-SF,30,TOT,62,1305,,,39%,57%,3%,-2.5,1.9,32,21,59,19,37,4,205,6,22,owensbi01,2000
Robert Pack 2000,PG,30,DAL,29,665,100%,,,,,-11.2,-9.9,53,5,7,10,32,5,372,7,18,packro01,2000
Scott Padgett 2000,PF,23,UTA,47,432,,,65%,32%,2%,-2.2,-7.7,10,7,34,3,11,3,56,1,15,padgesc01,2000
Milt Palacio 2000,PG,21,VAN,53,394,94%,6%,,,,-4.8,0.3,21,9,13,3,14,2,104,1,10,palacmi01,2000
Anthony Parker 2000,SG,24,ORL,16,185,,97%,3%,,,-5.4,-6.2,4,1,4,3,4,5,21,1,1,parkean01,2000
Cherokee Parks 2000,C,27,VAN,56,808,,,,13%,87%,-6.1,-1.3,16,4,58,5,14,8,72,3,10,parksch02,2000
Andrae Patterson 2000,PF,24,MIN,5,20,,,,18%,83%,-7.9,-11.1,0,0,2,1,0,1,2,0,0,pattean01,2000
Ruben Patterson 2000,SF,24,SEA,81,2097,,4%,93%,3%,,2.7,2.0,49,42,66,24,151,15,281,34,96,patteru01,2000
Gary Payton* 2000,PG,31,SEA,82,3425,91%,9%,,,,3.7,14.7,103,56,41,31,125,30,1618,30,69,paytoga01,2000
Anthony Peeler 2000,SG,30,MIN,82,2073,1%,98%,1%,,,-1.2,-9.3,55,14,66,7,41,10,398,5,33,peelean01,2000
Will Perdue 2000,C,34,CHI,67,1012,,,,9%,91%,-13.4,-2.3,41,20,64,9,41,15,136,6,20,perduwi01,2000
Sam Perkins 2000,PF,38,IND,81,1620,,,3%,88%,9%,10.0,6.2,32,12,58,12,38,10,161,7,10,perkisa01,2000
Elliot Perry 2000,PG,30,NJN,60,803,100%,,,,,-2.0,-2.6,37,12,5,6,16,9,310,5,19,perryel01,2000
Chuck Person 2000,SF,35,SEA,37,340,,2%,59%,39%,1%,-3.1,-5.3,7,2,27,2,1,2,50,0,2,persoch01,2000
Wesley Person 2000,SG,28,CLE,79,2056,,70%,30%,,,-5.0,2.2,29,10,40,12,24,8,291,6,23,persowe01,2000
Bobby Phills 2000,SG,30,CHH,28,825,,42%,57%,1%,,1.2,-2.3,18,16,20,4,23,12,171,6,15,phillbo01,2000
Eric Piatkowski 2000,SF,29,LAC,75,1712,,35%,55%,10%,,-13.5,-3.2,38,5,60,7,35,7,181,6,21,piatker01,2000
Paul Pierce 2000,SF,22,BOS,73,2583,,29%,70%,,,4.2,13.8,69,44,113,38,176,30,496,33,63,piercpa01,2000
Scottie Pippen* 2000,SF,34,POR,82,2749,,5%,92%,4%,,8.0,0.5,107,42,82,24,88,26,880,20,36,pippesc01,2000
Scot Pollard 2000,C,24,SAC,76,1336,,,,14%,86%,2.5,1.3,18,14,132,9,62,26,101,15,34,pollasc01,2000
Olden Polynice 2000,C,35,UTA,82,1819,,,,,100%,4.5,-0.5,16,17,89,16,42,18,81,10,27,polynol01,2000
Terry Porter 2000,PG,36,SAS,68,1613,49%,50%,1%,,,13.0,9.3,64,20,28,8,39,11,463,4,23,portete01,2000
James Posey 2000,SF,23,DEN,81,2052,,14%,84%,2%,,-2.7,-0.1,43,12,70,13,56,30,325,11,41,poseyja01,2000
Vitaly Potapenko 2000,C,24,BOS,79,1797,,,,,100%,-0.2,0.6,41,29,94,38,68,17,178,13,47,potapvi01,2000
Brent Price 2000,PG,31,VAN,41,424,100%,,,,,-2.8,2.6,27,10,17,6,7,7,148,0,6,pricebr01,2000
Laron Profit 2000,SG,22,WAS,33,225,4%,62%,34%,,,-2.0,1.4,11,4,14,1,4,0,54,0,3,profila01,2000
Aleksandar Radojević 2000,C,23,TOR,3,24,,,,,100%,-20.7,-21.3,2,1,0,2,3,1,2,0,1,radojal01,2000
Theo Ratliff 2000,PF,26,PHI,57,1795,,,,24%,76%,3.3,3.8,21,27,62,31,101,16,78,18,49,ratlith01,2000
Eldridge Recasner 2000,PG,32,CHH,7,28,92%,8%,,,,-10.7,-13.8,0,0,0,0,0,0,10,0,0,recasel01,2000
Bryant Reeves 2000,C,26,VAN,69,1773,,,,,100%,-5.2,-0.2,32,34,115,31,75,22,185,17,56,reevebr01,2000
Khalid Reeves 2000,PG,27,CHI,3,48,58%,43%,,,,17.7,29.7,5,0,3,0,3,0,30,1,1,reevekh01,2000
Don Reid 2000,PF,26,TOT,38,498,,,,58%,42%,-1.0,0.7,15,4,69,2,18,12,26,6,16,reiddo01,2000
J.R. Reid 2000,PF,31,MIL,34,602,,,,83%,17%,-3.7,-4.9,6,0,27,11,22,14,42,2,5,reidjr01,2000
Rodrick Rhodes 2000,SF,26,DAL,1,8,,,,100%,,-93.8,-90.8,2,0,0,0,0,0,0,0,1,rhodero01,2000
Glen Rice 2000,SF,32,LAL,80,2530,,,99%,1%,,7.3,-2.4,49,23,72,23,108,21,370,16,55,ricegl01,2000
Mitch Richmond* 2000,SG,34,WAS,74,2397,,95%,5%,,,-2.6,2.0,65,38,59,25,105,39,390,25,57,richmmi01,2000
Isaiah Rider 2000,SG,28,ATL,60,2084,,96%,4%,,,-0.3,9.6,76,37,39,20,85,18,471,16,46,rideris01,2000
Stanley Roberts 2000,C,29,PHI,5,51,,,,,100%,-16.8,-18.2,0,0,9,2,2,0,6,1,3,roberst01,2000
Ryan Robertson 2000,SG,23,SAC,1,25,,100%,,,,-31.7,-33.5,0,0,0,0,1,1,0,1,0,roberry01,2000
Clifford Robinson 2000,SF,33,PHO,80,2839,,1%,68%,32%,,4.6,-4.2,87,30,91,23,162,38,487,33,57,robincl02,2000
David Robinson* 2000,C,34,SAS,80,2557,,,,,100%,8.8,3.5,53,35,96,46,225,36,308,58,66,robinda01,2000
Eddie Robinson 2000,SF,23,CHH,67,1112,,19%,72%,10%,,6.4,4.7,25,8,38,0,28,6,68,8,3,robined01,2000
Glenn Robinson 2000,SF,27,MIL,81,2909,,2%,76%,22%,,2.1,6.6,100,51,100,20,109,13,429,21,65,robingl01,2000
Dennis Rodman* 2000,PF,38,DAL,12,389,,,20%,73%,6%,-11.7,-9.5,9,2,11,4,4,4,29,1,5,rodmade01,2000
Carlos Rogers 2000,C,28,HOU,53,1101,,,2%,53%,46%,-11.2,-13.8,29,13,37,2,56,9,92,14,22,rogerca01,2000
Rodney Rogers 2000,PF,28,PHO,82,2286,,,13%,73%,15%,10.3,10.6,66,36,119,36,106,28,369,21,68,rogerro01,2000
Roy Rogers 2000,PF,26,DEN,40,355,,,3%,57%,40%,-1.0,1.9,1,5,24,1,19,1,20,2,9,rogerro02,2000
Sean Rooks 2000,C,30,DAL,71,1001,,,,6%,94%,-6.0,-3.9,43,10,96,10,42,14,147,13,24,rooksse01,2000
Jalen Rose 2000,SF,27,IND,80,2978,,20%,79%,,,5.5,-3.3,85,35,101,45,106,22,738,27,43,roseja01,2000
Malik Rose 2000,PF,25,SAS,74,1341,,,3%,96%,1%,4.5,-4.5,38,18,102,25,76,23,107,19,53,rosema01,2000
Michael Ruffin 2000,PF,23,CHI,71,975,,,5%,93%,2%,-9.2,3.2,23,16,87,4,33,10,97,4,19,ruffimi01,2000
Bryon Russell 2000,SF,29,UTA,82,2900,,3%,95%,3%,,9.0,16.0,44,14,99,23,113,50,325,22,53,russebr01,2000
Arvydas Sabonis* 2000,C,35,POR,66,1688,,,,,100%,9.7,3.2,53,16,94,20,76,13,260,15,24,sabonar01,2000
John Salley 2000,C,35,LAL,45,303,,,,20%,80%,-0.9,-9.8,8,4,29,4,8,8,55,0,8,sallejo01,2000
Detlef Schrempf 2000,SF,37,POR,77,1662,,,44%,55%,2%,7.4,-0.7,57,18,89,15,68,12,432,12,22,schrede01,2000
Dennis Scott 2000,SF,31,VAN,66,1263,,,92%,8%,,-4.8,0.3,15,4,49,5,19,7,151,2,18,scottde01,2000
Malik Sealy 2000,SF,29,MIN,82,2392,,46%,52%,2%,,8.1,12.3,52,20,81,18,80,14,410,12,55,sealyma01,2000
Brian Shaw 2000,SG,33,LAL,74,1249,36%,63%,1%,,,5.0,-4.7,49,6,47,7,15,2,437,4,18,shawbr01,2000
Dickey Simpkins 2000,PF,27,CHI,69,1651,,,,88%,12%,-13.1,-2.5,32,46,104,17,49,37,216,10,39,simpkdi01,2000
Brian Skinner 2000,PF,23,LAC,33,775,,,4%,75%,21%,-6.5,6.6,11,11,35,6,31,10,27,3,21,skinnbr01,2000
Joe Smith 2000,C,24,MIN,78,1975,,,,21%,80%,3.1,-0.3,36,33,152,25,96,64,188,17,43,smithjo02,2000
Michael Smith 2000,SF,27,WAS,46,1145,,,80%,20%,,-5.7,-3.3,21,8,72,6,48,23,123,9,31,smithmi02,2000
Steve Smith 2000,SG,30,POR,82,2689,1%,98%,1%,,,10.0,6.6,39,24,61,38,92,10,467,19,43,smithst01,2000
Rik Smits 2000,C,33,IND,79,1852,,,,,100%,1.8,-8.7,39,27,132,28,75,20,202,21,43,smitsri01,2000
Eric Snow 2000,PG,26,PHI,82,2866,100%,,,,,1.3,0.6,113,26,92,15,58,47,1322,12,42,snower01,2000
Felton Spencer 2000,C,32,SAS,26,149,,,,,100%,2.1,-5.6,2,1,17,4,11,0,7,0,10,spencfe01,2000
Latrell Sprewell 2000,SF,29,NYK,82,3276,,27%,72%,1%,,3.0,5.7,99,48,62,29,139,20,748,29,87,sprewla01,2000
Ryan Stack 2000,PF,24,CLE,25,198,,,4%,59%,38%,-8.9,-3.1,4,4,29,7,9,5,11,1,13,stackry01,2000
Jerry Stackhouse 2000,SG,25,DET,82,3148,1%,72%,27%,,,-1.4,-6.7,122,82,53,36,250,19,824,40,107,stackje01,2000
John Starks 2000,SG,34,TOT,37,1190,4%,94%,3%,,,-4.0,7.5,36,14,32,9,20,11,383,7,13,starkjo01,2000
Vladimir Stepania 2000,C,23,SEA,30,202,,,,,100%,-9.0,-11.4,6,2,15,7,19,5,7,4,8,stepavl01,2000
Joe Stephens 2000,SF,27,VAN,13,181,,26%,73%,1%,,5.4,11.0,3,2,7,0,2,0,23,0,5,stephjo01,2000
Michael Stewart 2000,C,24,TOR,42,389,,,1%,25%,74%,-8.0,-9.3,4,3,36,7,12,6,14,4,7,stewami01,2000
Bryant Stith 2000,SG,29,DEN,45,691,8%,90%,2%,,,1.3,4.8,12,5,18,7,31,7,133,5,11,stithbr01,2000
John Stockton* 2000,PG,37,UTA,82,2432,100%,,,,,10.2,14.6,127,20,59,19,46,38,1488,9,41,stockjo01,2000
Peja Stojaković 2000,SF,22,SAC,74,1749,,,89%,11%,,2.7,1.9,33,21,24,10,54,6,229,16,36,stojape01,2000
Damon Stoudamire 2000,PG,26,POR,78,2372,100%,,,,,7.8,-0.3,78,30,54,13,39,15,877,9,44,stoudda01,2000
Erick Strickland 2000,SG,26,DAL,68,2025,22%,66%,12%,,,-1.4,3.6,65,8,60,10,78,65,474,17,48,stricer01,2000
Mark Strickland 2000,SF,29,MIA,58,663,,5%,81%,13%,,-4.9,-12.3,7,2,30,3,23,5,48,4,10,stricma01,2000
Rod Strickland 2000,PG,33,WAS,69,2188,97%,3%,,,,-5.9,-5.6,106,40,56,20,114,6,1086,26,41,stricro02,2000
Derek Strong 2000,PF,31,ORL,20,148,,,,45%,55%,-3.9,-4.6,4,2,8,6,6,1,9,2,3,stronde01,2000
Bruno Šundov 2000,C,19,DAL,14,61,,,,,100%,-10.8,-7.8,1,0,7,3,0,2,5,0,5,sundobr01,2000
Bob Sura 2000,SG,26,CLE,73,2216,1%,96%,3%,,,-7.0,-2.2,67,38,67,17,79,33,583,13,48,surabo01,2000
Wally Szczerbiak 2000,SF,22,MIN,73,2171,,,93%,7%,,4.8,3.5,33,10,83,20,67,13,432,23,45,szczewa02,2000
Žan Tabak 2000,C,29,IND,18,114,,,,2%,98%,4.7,-1.7,4,1,6,2,2,0,11,0,5,tabakza01,2000
Johnny Taylor 2000,SF,25,TOT,6,34,,3%,58%,39%,,16.1,17.3,2,0,3,0,0,0,2,0,1,taylojo01,2000
Maurice Taylor 2000,PF,23,LAC,62,2227,,,,77%,22%,-13.4,-3.7,51,32,127,24,79,40,234,21,55,tayloma01,2000
Jason Terry 2000,PG,22,ATL,81,1888,95%,5%,,,,-6.4,-2.9,88,37,56,9,48,7,739,3,30,terryja01,2000
Jamel Thomas 2000,SF,26,TOT,7,46,,67%,33%,,,-39.4,-34.8,0,4,1,0,1,0,13,1,0,thomaja01,2000
John Thomas 2000,C,24,TOR,55,477,,,,3%,97%,-4.5,-5.5,3,4,40,4,17,6,20,3,13,thomajo02,2000
Kenny Thomas 2000,PF,22,HOU,72,1797,,,10%,86%,4%,1.3,4.5,43,19,62,18,82,19,262,18,62,thomake01,2000
Kurt Thomas 2000,PF,27,NYK,80,1971,,,2%,83%,15%,3.2,2.3,30,17,119,29,58,46,177,11,39,thomaku01,2000
Tim Thomas 2000,SF,22,MIL,80,2093,,,34%,61%,5%,-3.7,-8.7,39,36,96,27,107,14,241,31,47,thomati01,2000
Otis Thorpe 2000,PF,37,MIA,51,777,,,2%,44%,54%,-1.5,-8.5,17,10,48,22,15,18,73,4,13,thorpot01,2000
Robert Traylor 2000,PF,22,MIL,44,447,,,,35%,65%,-4.4,-5.5,2,8,36,7,26,2,44,4,12,traylro01,2000
Gary Trent 2000,SF,25,DAL,11,301,,,33%,67%,,-12.6,-10.3,12,5,10,6,9,3,50,1,12,trentga01,2000
Mirsad Türkcan 2000,PF,23,TOT,17,90,,,27%,67%,6%,-23.5,-25.0,2,1,4,1,1,2,12,0,2,turkcmi01,2000
Wayne Turner 2000,PG,23,BOS,3,41,100%,,,,,-5.6,-5.1,0,1,2,0,3,1,12,0,0,turnewa01,2000
Nick Van Exel 2000,PG,28,DEN,79,2950,100%,,,,,-1.8,3.4,145,40,42,10,77,12,1542,15,47,vanexni01,2000
Keith Van Horn 2000,PF,24,NJN,80,2782,,,3%,94%,4%,-3.7,-13.0,70,71,105,42,157,27,357,35,107,vanhoke01,2000
Jacque Vaughn 2000,PG,24,UTA,78,884,16%,84%,,,,-4.1,-11.2,36,9,30,12,25,18,271,3,17,vaughja01,2000
Loy Vaught 2000,PF,31,DET,43,292,,,,30%,70%,-3.7,-3.9,6,1,21,1,2,4,24,0,5,vaughlo01,2000
Fred Vinson 2000,SG,29,SEA,8,40,16%,68%,15%,,,24.0,22.4,1,0,0,1,1,0,0,0,0,vinsofr01,2000
Antoine Walker 2000,PF,23,BOS,82,3003,,,13%,87%,,0.2,3.2,100,70,89,41,190,9,684,43,141,walkean02,2000
Samaki Walker 2000,PF,23,SAS,71,980,,,,74%,25%,2.8,-6.2,15,14,47,15,55,4,94,6,37,walkesa01,2000
Ben Wallace 2000,PF,25,ORL,81,1959,,,,88%,12%,1.2,1.4,33,12,93,5,50,19,144,12,29,wallabe01,2000
John Wallace 2000,SF,25,NYK,60,798,,1%,76%,23%,1%,-5.4,-9.3,19,15,30,11,53,2,50,13,24,wallajo01,2000
Rasheed Wallace 2000,PF,25,POR,81,2845,,,,84%,15%,10.0,7.5,62,38,108,24,135,16,316,30,46,wallara01,2000
Rex Walters 2000,PG,29,MIA,33,389,85%,15%,,,,0.4,-5.5,19,3,13,3,5,2,140,0,4,waltere01,2000
Charlie Ward 2000,PG,29,NYK,72,1986,100%,,,,,4.3,4.6,70,14,73,7,14,43,643,2,12,wardch01,2000
Clarence Weatherspoon 2000,PF,29,MIA,78,1615,,,6%,90%,4%,4.3,-1.8,32,22,65,19,77,13,208,11,52,weathcl01,2000
Chris Webber 2000,PF,26,SAC,75,2880,,,,88%,12%,1.2,-1.5,103,45,125,41,186,8,772,54,56,webbech01,2000
Bonzi Wells 2000,SF,23,POR,66,1162,1%,60%,38%,1%,,6.5,-1.9,34,26,47,19,55,7,204,18,35,wellsbo01,2000
Bill Wennington 2000,C,36,SAC,7,57,,,,,100%,-8.3,-10.1,1,0,5,0,1,3,2,0,3,wennibi01,2000
David Wesley 2000,PG,29,CHH,82,2760,100%,,,,,2.0,-3.1,104,22,80,15,72,22,989,12,47,wesleda01,2000
Doug West 2000,SG,32,VAN,38,581,,46%,51%,3%,,2.3,8.6,10,7,39,0,17,10,96,2,11,westdo01,2000
Mark West 2000,C,39,PHO,22,127,,,,6%,94%,-2.4,-8.5,3,0,14,3,4,1,5,0,4,westma01,2000
Jahidi White 2000,C,23,WAS,80,1537,,,,,100%,-2.8,1.0,17,24,113,20,90,14,34,30,68,whiteja01,2000
Chris Whitney 2000,PG,28,WAS,82,1627,100%,,,,,-2.2,1.9,65,22,60,8,29,41,680,1,17,whitnch01,2000
Aaron Williams 2000,PF,28,WAS,81,1545,,,31%,56%,13%,1.6,8.1,27,23,120,20,88,16,130,21,47,williaa01,2000
Alvin Williams 2000,PG,25,TOR,55,779,76%,22%,2%,,,-5.0,-6.7,21,15,31,5,22,5,269,5,11,willial02,2000
Eric Williams 2000,SF,27,BOS,68,1378,,2%,94%,4%,,-2.2,-2.5,19,14,65,17,63,24,204,19,30,willier01,2000
Jason Williams 2000,PG,24,SAC,81,2760,94%,6%,,,,0.3,-4.6,205,41,51,10,31,14,1266,7,18,willija02,2000
Jerome Williams 2000,PF,26,DET,82,2102,,,1%,92%,7%,2.4,5.2,26,28,57,23,97,46,152,21,44,willije01,2000
Lorenzo Williams 2000,PF,30,WAS,8,76,,,38%,58%,4%,-11.7,-8.5,0,2,9,0,0,1,2,0,1,willilo01,2000
Monty Williams 2000,SF,28,ORL,75,1501,,10%,86%,4%,,-3.7,-6.9,38,22,69,19,68,7,226,16,50,willimo01,2000
Scott Williams 2000,C,31,MIL,68,1488,,,,52%,48%,-0.1,-0.8,14,15,85,22,48,28,64,9,24,willisc01,2000
Shammond Williams 2000,PG,24,SEA,43,517,100%,,,,,-1.3,-3.5,20,9,6,5,14,1,174,3,19,willish01,2000
Walt Williams 2000,SF,29,HOU,76,1859,,1%,88%,11%,,2.2,6.2,60,16,88,21,48,14,339,15,30,williwa02,2000
Corliss Williamson 2000,SF,26,SAC,76,1707,,12%,86%,2%,,-1.4,-5.4,33,26,76,26,90,17,181,28,53,willico02,2000
Kevin Willis 2000,PF,37,TOR,79,1679,,,1%,52%,47%,-1.3,-2.8,24,12,65,36,59,5,111,7,40,willike02,2000
Dedric Willoughby 2000,PG,25,CHI,25,508,69%,32%,,,,-6.9,5.4,25,7,10,2,15,7,141,2,10,willode01,2000
David Wingate 2000,SG,36,NYK,7,32,,75%,25%,,,-31.4,-33.8,2,0,2,0,0,0,6,0,1,wingada01,2000
Haywoode Workman 2000,PG,34,TOT,36,350,89%,11%,,,,-10.3,-11.2,13,0,13,2,6,8,136,1,5,workmha01,2000
Metta World Peace 2000,SF,20,CHI,72,2238,,25%,72%,2%,,-8.7,6.8,53,36,42,31,105,12,433,26,62,artesro01,2000
Lorenzen Wright 2000,C,24,ATL,75,1205,,,,29%,71%,-7.9,-4.4,19,21,113,17,54,5,44,13,22,wrighlo02,2000
Tim Young 2000,C,23,GSW,25,137,,,,,100%,-4.3,5.0,1,4,7,2,12,0,12,2,7,youngti01,2000
