player,pos,age,team_id,g,mp,pct_1,pct_2,pct_3,pct_4,pct_5,plus_minus_on,plus_minus_net,tov_bad_pass,tov_lost_ball,fouls_shooting,fouls_offensive,drawn_shooting,astd_pts,and1s,own_shots_blk,player_id,year
Tariq Abdul-Wahad 1999,SG,24,SAC,49,1205,,96%,4%,,,-3.3,-6.0,24,21,58,13,61,102,17,31,abdulta01,1999
Shareef Abdur-Rahim 1999,SF,22,VAN,50,2021,,1%,95%,4%,,-9.3,0.6,75,58,63,13,184,364,49,106,abdursh01,1999
Cory Alexander 1999,PG,25,DEN,36,778,54%,46%,,,,-0.9,8.2,48,10,36,5,11,263,3,14,alexaco01,1999
Ray Allen* 1999,SG,23,MIL,50,1719,,78%,22%,,,5.8,6.5,52,37,52,11,79,391,18,29,allenra02,1999
Peter Aluma 1999,C,25,SAC,2,5,,,,100%,,-50.0,-49.9,0,1,3,1,0,0,0,0,alumape01,1999
Derek Anderson 1999,SG,24,CLE,38,978,32%,68%,,,,-3.7,3.7,39,18,21,7,56,302,10,11,anderde01,1999
Kenny Anderson 1999,PG,28,BOS,34,1010,99%,1%,,,,-6.8,-6.9,40,22,33,6,34,422,10,26,anderke01,1999
Nick Anderson 1999,SF,31,ORL,47,1581,,65%,35%,,,2.3,2.3,44,20,29,9,67,197,10,28,anderni01,1999
Shandon Anderson 1999,SG,25,UTA,50,1072,,84%,16%,,,2.2,-8.9,25,13,40,8,58,116,13,37,andersh01,1999
Chris Anstey 1999,C,24,DAL,41,470,,,,21%,80%,-6.0,-3.7,12,5,35,3,20,62,3,7,anstech01,1999
Greg Anthony 1999,PG,31,POR,50,806,91%,9%,,,,11.9,8.2,35,6,17,6,22,211,3,10,anthogr01,1999
B.J. Armstrong 1999,PG,31,TOT,32,358,76%,24%,,,,-2.6,-4.2,14,5,12,1,6,128,0,2,armstbj01,1999
Darrell Armstrong 1999,PG,30,ORL,50,1502,100%,,,,,3.7,6.2,97,31,26,7,44,719,10,27,armstda01,1999
Keith Askins 1999,SF,31,MIA,33,415,,7%,92%,1%,,10.4,3.6,9,2,31,1,3,24,0,3,askinke01,1999
Stacey Augmon 1999,SF,30,POR,48,874,,7%,92%,1%,,8.9,4.0,10,9,35,5,33,132,6,13,augmost01,1999
Isaac Austin 1999,C,29,ORL,49,1259,,,,1%,99%,-1.5,-6.0,54,13,52,17,70,197,9,29,austiis01,1999
Anthony Avent 1999,PF,29,UTA,5,44,,,,100%,,5.8,-1.5,3,0,4,0,1,2,0,3,aventan01,1999
Thurl Bailey 1999,PF,37,UTA,43,543,,,,67%,33%,2.0,-6.7,17,2,49,5,9,56,2,12,baileth01,1999
Toby Bailey 1999,SG,23,PHO,27,249,2%,94%,4%,,,-10.1,-12.1,6,3,7,1,6,27,1,6,baileto01,1999
Mark Baker 1999,PG,29,TOR,1,2,100%,,,,,-60.0,-58.6,1,0,0,0,0,0,0,0,bakerla01,1999
Vin Baker 1999,PF,27,SEA,34,1162,,,1%,66%,33%,4.6,9.3,16,17,55,23,71,129,15,33,bakervi01,1999
Charles Barkley* 1999,PF,35,HOU,42,1526,,,12%,88%,1%,4.6,5.3,54,19,29,10,122,460,19,54,barklch01,1999
Dana Barros 1999,PG,31,BOS,50,1156,100%,,,,,-0.7,4.0,50,23,35,3,19,460,1,10,barroda01,1999
Brent Barry 1999,SG,27,CHI,37,1181,15%,73%,12%,,,-12.3,-2.1,42,13,54,6,36,251,9,12,barrybr01,1999
Drew Barry 1999,SG,25,SEA,17,183,13%,85%,1%,,,1.7,2.2,7,2,12,0,2,61,0,3,barrydr01,1999
Jon Barry 1999,SG,29,SAC,43,736,1%,77%,22%,,,5.8,8.7,25,11,28,4,18,252,3,1,barryjo01,1999
Tony Battie 1999,C,22,BOS,50,1121,,,,27%,73%,1.4,7.9,21,9,102,6,25,128,4,8,battito01,1999
Corey Beck 1999,PG,27,TOT,24,180,98%,2%,,,,6.7,5.0,7,4,8,1,5,42,1,2,beckco01,1999
Benoit Benjamin 1999,C,34,PHI,6,33,,,,,100%,-0.1,-2.7,0,0,2,3,0,2,0,0,benjabe01,1999
Corey Benjamin 1999,PG,20,CHI,31,320,30%,64%,7%,,,-16.8,-6.5,7,4,20,2,15,21,2,11,benjaco01,1999
Mario Bennett 1999,PF,25,CHI,3,19,,,,100%,,-38.1,-27.1,0,1,1,0,1,0,0,2,bennema01,1999
Travis Best 1999,PG,26,IND,49,1043,100%,,,,,1.6,-5.1,27,19,44,9,24,381,7,18,besttr01,1999
Mike Bibby 1999,PG,20,VAN,50,1758,98%,2%,,,,-9.3,0.0,90,33,54,4,53,688,11,25,bibbymi01,1999
Chauncey Billups 1999,SG,22,DEN,45,1488,12%,86%,2%,,,-6.3,0.6,51,21,47,13,62,387,8,40,billuch01,1999
Mookie Blaylock 1999,PG,31,ATL,48,1763,100%,,,,,6.8,11.3,80,20,34,3,24,592,7,24,blaylmo01,1999
Corie Blount 1999,PF,30,TOT,34,530,,,,96%,4%,1.0,2.3,8,4,36,4,20,27,3,11,blounco01,1999
Muggsy Bogues 1999,PG,34,GSW,36,714,100%,,,,,-1.7,1.4,34,6,12,1,4,294,1,3,boguemu01,1999
Etdrick Bohannon 1999,SF,25,WAS,2,4,,,89%,11%,,-22.2,-19.6,0,0,0,0,0,0,0,0,bohanet01,1999
Keith Booth 1999,SF,24,CHI,39,432,,15%,80%,5%,,-19.0,-9.5,18,5,23,10,17,82,2,25,boothke01,1999
Bruce Bowen 1999,SF,27,BOS,30,494,,39%,61%,,,-5.3,-3.2,5,5,19,2,9,60,4,10,bowenbr01,1999
Earl Boykins 1999,PG,22,TOT,22,221,100%,,,,,-11.9,-7.4,9,7,6,0,1,68,1,2,boykiea01,1999
Shawn Bradley 1999,C,26,DAL,49,1294,,,,,100%,5.1,17.1,28,7,95,9,50,87,11,24,bradlsh01,1999
Terrell Brandon 1999,PG,28,TOT,36,1217,100%,,,,,2.0,0.2,50,16,39,0,30,656,6,15,brandte01,1999
Chucky Brown 1999,PF,30,CHH,48,1192,,,23%,76%,1%,1.8,1.1,22,9,50,0,27,126,9,8,brownch01,1999
Dee Brown 1999,PG,30,TOR,49,1377,100%,,,,,-0.3,2.8,51,13,30,3,12,300,2,7,brownde01,1999
Gerald Brown 1999,SG,23,PHO,33,236,68%,32%,,,,-15.0,-17.4,10,7,10,2,1,68,0,8,brownge02,1999
P.J. Brown 1999,PF,29,MIA,50,1611,,,,73%,27%,9.3,5.6,33,11,80,17,58,151,7,31,brownpj01,1999
Randy Brown 1999,PG,30,CHI,39,1139,100%,,,,,-11.2,0.1,50,11,28,9,43,320,5,24,brownra02,1999
Rick Brunson 1999,PG,26,NYK,17,95,54%,46%,,,,12.0,9.7,8,4,1,0,5,39,0,1,brunsri01,1999
Kobe Bryant* 1999,SG,20,LAL,50,1896,1%,70%,29%,,,2.9,-2.3,73,38,62,15,105,413,33,37,bryanko01,1999
Mark Bryant 1999,PF,33,CHI,45,1204,,,,75%,25%,-13.6,-4.7,22,13,55,15,47,102,8,29,bryanma01,1999
Jud Buechler 1999,SF,30,DET,50,1056,,43%,57%,1%,,0.9,-3.1,13,3,38,2,1,124,1,4,buechju01,1999
Matt Bullard 1999,PF,31,HOU,41,413,,,,52%,48%,-1.0,-4.3,9,1,13,2,4,39,1,7,bullama01,1999
Scott Burrell 1999,SF,28,NJN,32,706,,9%,79%,12%,,-0.9,4.0,14,4,45,2,17,99,3,9,burresc01,1999
Willie Burton 1999,SF,30,CHH,3,18,,51%,49%,,,5.9,4.7,0,1,1,0,1,0,0,3,burtowi01,1999
Mitchell Butler 1999,SG,28,CLE,31,418,2%,89%,9%,,,-0.5,6.4,14,4,18,2,12,48,2,14,butlemi02,1999
Jason Caffey 1999,PF,25,GSW,35,876,,,,75%,25%,-3.8,-1.8,16,25,36,11,49,39,10,41,caffeja01,1999
Marcus Camby 1999,C,24,NYK,46,945,,,,58%,42%,1.0,-2.8,14,8,81,5,50,24,15,11,cambyma01,1999
Elden Campbell 1999,C,30,TOT,49,1459,,,,15%,85%,1.2,-1.6,29,22,95,11,118,170,11,37,campbel01,1999
Antoine Carr 1999,PF,37,HOU,18,152,,,13%,41%,45%,-5.5,-8.7,3,2,11,4,2,22,1,3,carran01,1999
Chris Carr 1999,SG,24,TOT,39,445,,30%,64%,6%,,-5.6,-4.0,14,4,28,4,14,49,5,11,carrch01,1999
Cory Carr 1999,SG,23,CHI,42,624,21%,65%,15%,,,-15.7,-6.1,28,4,27,4,12,146,2,19,carrco01,1999
Vince Carter 1999,SF,22,TOR,50,1760,,33%,66%,1%,,1.4,10.8,48,30,63,15,121,332,30,39,cartevi01,1999
Sam Cassell 1999,PG,29,TOT,8,199,82%,18%,,,,9.6,10.0,8,5,5,2,19,74,4,5,cassesa01,1999
Kelvin Cato 1999,C,24,POR,43,545,,,,6%,95%,10.2,4.9,8,11,51,4,28,43,3,9,catoke01,1999
Duane Causwell 1999,C,30,MIA,19,137,,,,,100%,-20.3,-29.6,3,4,19,4,7,4,2,2,causwdu01,1999
Cedric Ceballos 1999,SF,29,DAL,13,352,,71%,28%,1%,,-9.6,-7.7,10,4,8,2,20,25,1,10,cebalce01,1999
Rex Chapman 1999,SG,31,PHO,38,1183,8%,92%,,,,2.3,3.2,38,9,19,2,25,239,5,8,chapmre01,1999
Calbert Cheaney 1999,SG,27,WAS,50,1266,,16%,83%,1%,,-1.1,3.3,23,8,71,5,28,159,7,16,cheanca01,1999
Pete Chilcutt 1999,PF,30,VAN,46,697,,,3%,30%,66%,-6.4,4.2,22,4,32,0,3,66,1,1,chilcpe01,1999
Chris Childs 1999,PG,31,NYK,48,1297,63%,37%,,,,2.4,-0.5,44,13,67,7,19,414,2,10,childch01,1999
Doug Christie 1999,SG,28,TOR,50,1768,9%,85%,5%,,,-3.0,-5.5,61,24,41,8,86,399,13,66,chrisdo01,1999
Keon Clark 1999,C,23,DEN,28,409,,,,16%,84%,-3.5,3.5,8,5,34,3,15,25,3,9,clarkke01,1999
Keith Closs 1999,C,22,LAC,15,87,,,,,100%,-5.9,3.6,3,2,8,1,4,0,0,0,closske01,1999
John Coker 1999,C,27,WAS,14,98,,,,,100%,-25.1,-23.5,1,1,12,0,3,0,2,4,cokerjo01,1999
Derrick Coleman 1999,PF,31,CHH,37,1178,,,,54%,46%,-3.9,-9.9,32,29,41,8,89,171,14,47,colemde01,1999
Bimbo Coles 1999,PG,30,GSW,48,1272,99%,1%,,,,-2.1,1.0,45,12,50,6,22,475,4,24,colesbi01,1999
Marty Conlon 1999,C,31,MIA,7,35,,,,69%,31%,-9.6,-17.3,0,1,0,1,0,2,0,1,conloma01,1999
Tyrone Corbin 1999,SF,36,ATL,47,1066,,43%,57%,,,4.4,1.1,20,7,35,8,28,95,6,7,corbity01,1999
James Cotton 1999,SG,23,SEA,10,59,23%,77%,1%,,,-35.8,-36.5,1,2,4,0,6,0,0,3,cottoja02,1999
Chris Crawford 1999,PF,23,ATL,42,784,,,,97%,2%,1.9,-2.7,11,14,48,9,37,54,8,22,crawfch01,1999
Austin Croshere 1999,PF,23,IND,27,249,,,11%,86%,3%,-11.0,-17.2,6,4,17,3,12,22,1,7,croshau01,1999
John Crotty 1999,PG,29,TOT,27,382,100%,,,,,-5.6,-9.5,22,5,9,3,12,138,2,11,crottjo01,1999
Terry Cummings 1999,PF,37,GSW,50,1011,,,1%,75%,24%,-3.1,-0.7,23,15,62,9,47,126,4,29,cummite01,1999
William Cunningham 1999,C,24,TOT,16,162,,,,,100%,-12.3,-10.0,0,1,17,1,1,2,0,2,cunniwi01,1999
Bill Curley 1999,PF,26,MIN,35,372,,,21%,72%,7%,4.9,6.0,2,2,37,4,8,30,2,3,curlebi01,1999
Dell Curry 1999,SG,34,MIL,42,864,5%,91%,4%,,,2.3,-2.5,25,16,22,0,8,101,0,9,curryde01,1999
Michael Curry 1999,SF,30,MIL,50,1146,,6%,83%,11%,,1.7,-4.4,16,5,54,10,34,169,5,7,currymi01,1999
Erick Dampier 1999,C,23,GSW,50,1414,,,,,100%,-2.9,-0.7,16,23,83,19,92,123,8,63,dampier01,1999
Antonio Daniels 1999,PG,23,SAS,47,614,50%,50%,,,,11.8,2.7,22,11,11,7,25,228,5,10,daniean01,1999
Kornél Dávid 1999,SF,27,CHI,50,902,,,20%,74%,5%,-16.0,-7.8,17,12,25,7,43,89,10,15,davidko01,1999
Antonio Davis 1999,PF,30,IND,49,1271,,,24%,70%,6%,0.4,-8.7,9,18,66,10,78,81,22,38,davisan01,1999
Ben Davis 1999,PF,26,NYK,8,21,,,,84%,16%,18.4,15.9,0,0,1,0,2,6,0,1,davisbe01,1999
Dale Davis 1999,PF,29,IND,50,1374,,,,69%,31%,7.3,6.5,9,8,67,10,55,52,13,29,davisda01,1999
Hubert Davis 1999,SG,28,DAL,50,1378,27%,69%,5%,,,-2.1,2.2,33,9,28,7,20,191,3,11,davishu01,1999
Mark Davis 1999,SF,25,MIA,4,35,,,100%,,,-2.5,-10.1,2,1,5,3,3,3,0,1,davisma02,1999
Ricky Davis 1999,SG,19,CHH,46,557,2%,59%,40%,,,0.5,-1.0,21,13,23,5,25,123,5,14,davisri01,1999
Terry Davis 1999,C,31,WAS,37,578,,,,1%,99%,-2.2,0.6,5,4,39,2,19,22,8,5,daviste01,1999
Andrew DeClercq 1999,C,25,TOT,47,1102,,,,5%,95%,-14.0,-12.6,17,13,78,15,59,47,12,25,declean01,1999
Terry Dehere 1999,SG-PG,27,TOT,26,291,6%,94%,,,,-11.6,-7.4,4,4,11,2,2,57,0,6,deherte01,1999
Vinny Del Negro 1999,PG,32,MIL,48,1093,83%,18%,,,,-0.1,-7.4,37,11,24,3,18,392,4,5,delnevi01,1999
Bison Dele 1999,C,29,DET,49,1177,,,,,100%,2.3,-0.6,34,22,88,24,57,155,16,31,delebi01,1999
Tony Delk 1999,PG,25,GSW,36,630,71%,29%,,,,-8.4,-7.9,27,9,16,5,38,200,9,13,delkto01,1999
Michael Dickerson 1999,SG,23,HOU,50,1558,,97%,3%,,,4.8,6.1,29,13,40,5,33,212,9,36,dickemi01,1999
Vlade Divac* 1999,C,30,SAC,50,1761,,,,,100%,0.6,3.0,71,25,93,9,87,472,13,46,divacvl01,1999
Michael Doleac 1999,C,21,ORL,49,780,,,,,100%,5.4,5.9,8,7,59,8,35,50,7,15,doleami01,1999
Sherman Douglas 1999,PG,32,LAC,30,842,97%,3%,,,,-9.5,-0.1,40,11,13,3,35,271,7,19,douglsh01,1999
Bryce Drew 1999,PG,24,HOU,34,441,90%,11%,,,,-2.1,-5.9,18,5,23,3,0,116,0,3,drewbr01,1999
Chris Dudley 1999,C,33,NYK,46,685,,,,11%,89%,7.5,6.8,2,0,40,5,14,16,2,9,dudlech02,1999
Joe Dumars* 1999,SG,35,DET,38,1116,28%,72%,,,,3.7,2.0,36,10,26,2,16,276,2,6,dumarjo01,1999
Tim Duncan* 1999,PF,22,SAS,50,1963,,,,80%,20%,10.6,4.2,66,35,91,17,152,262,26,63,duncati01,1999
Blue Edwards 1999,SF,33,MIA,24,283,,32%,68%,1%,,0.3,-8.2,13,6,8,0,7,62,3,2,edwarbl01,1999
Howard Eisley 1999,PG,26,UTA,50,1038,94%,6%,,,,2.1,-8.9,76,12,48,11,15,387,2,17,eisleho01,1999
Mario Elie 1999,SG,35,SAS,47,1291,,75%,26%,,,10.8,2.1,36,10,41,5,42,189,10,21,eliema01,1999
Sean Elliott 1999,SF,30,SAS,50,1509,,,92%,8%,,6.6,-8.6,33,21,38,9,56,256,12,36,elliose01,1999
Dale Ellis 1999,SF,38,SEA,48,1232,,23%,75%,1%,,1.5,3.7,20,10,25,3,20,83,1,12,ellisda01,1999
LaPhonso Ellis 1999,PF,28,ATL,20,539,,,,94%,5%,0.7,-4.0,14,5,21,4,25,42,2,16,ellisla01,1999
Brian Evans 1999,SF,25,TOT,16,145,,7%,89%,5%,,-2.3,-0.4,1,1,4,0,1,33,0,1,evansbr01,1999
Patrick Ewing* 1999,C,36,NYK,38,1300,,,,,100%,2.6,-0.1,34,36,49,12,97,101,20,36,ewingpa01,1999
Jamie Feick 1999,PF-C,24,TOT,28,852,,,,14%,86%,0.2,0.3,15,6,36,4,28,55,6,13,feickja01,1999
Duane Ferrell 1999,SF,33,GSW,8,46,,44%,53%,3%,,19.6,22.6,1,0,2,0,2,0,0,3,ferredu01,1999
Danny Ferry 1999,PF,32,CLE,50,1058,,,,78%,23%,-1.7,7.3,22,5,54,8,3,114,1,5,ferryda01,1999
Michael Finley 1999,SF,25,DAL,50,2051,,47%,51%,2%,,-2.3,4.7,71,17,32,9,90,480,14,35,finlemi01,1999
Derek Fisher 1999,PG,24,LAL,50,1131,100%,,,,,8.1,8.8,52,9,23,8,24,420,5,22,fishede01,1999
Danny Fortson 1999,PF,22,DEN,50,1417,,,1%,88%,11%,-6.6,-0.4,19,12,83,24,105,78,17,62,fortsda01,1999
Greg Foster 1999,PF,30,UTA,42,458,,,,29%,71%,-7.6,-18.1,5,4,30,7,8,52,1,9,fostegr01,1999
Rick Fox 1999,SF,29,LAL,44,944,,3%,92%,5%,,3.8,0.6,31,7,54,10,35,192,9,22,foxri01,1999
Adonal Foyle 1999,C,23,GSW,44,614,,,,37%,64%,-3.4,-1.0,11,3,45,6,19,38,4,16,foylead01,1999
Todd Fuller 1999,C,24,UTA,42,462,,,,2%,99%,-2.3,-11.8,5,10,23,6,19,13,2,16,fulleto02,1999
Lawrence Funderburke 1999,PF,28,SAC,47,936,,,,96%,4%,-6.2,-9.5,18,9,27,9,56,71,20,23,fundela01,1999
Kevin Garnett* 1999,PF,22,MIN,47,1780,,,32%,42%,27%,2.1,8.6,62,19,66,21,89,419,12,29,garneke01,1999
Marlon Garnett 1999,PG,23,BOS,24,205,62%,38%,,,,-10.2,-8.1,4,5,7,2,7,40,0,5,garnema01,1999
Dean Garrett 1999,C,32,MIN,49,1054,,,,,100%,-3.9,-6.6,11,9,70,2,26,56,7,20,garrede01,1999
Pat Garrity 1999,PF,22,PHO,39,538,,,13%,79%,8%,-0.7,-1.8,6,6,24,6,24,41,6,12,garripa01,1999
Chris Gatling 1999,C,31,TOT,48,775,,,,55%,45%,-1.7,-2.0,21,13,41,21,42,70,9,9,gatlich01,1999
Andrew Gaze 1999,SG,33,SAS,19,58,,44%,56%,,,30.3,21.0,1,0,3,1,0,14,0,0,gazean01,1999
Matt Geiger 1999,C,29,PHI,50,1540,,,,1%,99%,5.6,8.0,26,28,65,19,72,124,13,31,geigema01,1999
Kendall Gill 1999,SF,30,NJN,50,1606,2%,20%,76%,3%,,-4.2,-1.3,29,12,66,13,69,271,11,52,gillke01,1999
Armen Gilliam 1999,PF,34,MIL,34,668,,,,74%,26%,-1.2,-7.2,9,11,21,5,44,44,3,13,gilliar01,1999
Brian Grant 1999,PF,26,POR,48,1525,,,1%,71%,28%,7.8,3.6,41,21,67,11,98,156,18,42,grantbr01,1999
Gary Grant 1999,PG,33,POR,2,7,70%,30%,,,,61.5,55.3,0,0,0,0,0,8,0,0,grantga01,1999
Harvey Grant 1999,PF,33,PHI,47,798,,1%,39%,57%,3%,3.7,1.6,10,3,36,2,9,51,2,2,grantha01,1999
Horace Grant 1999,PF,33,ORL,50,1660,,,,88%,12%,0.4,-3.4,22,9,54,5,24,204,4,17,grantho01,1999
Paul Grant 1999,C,25,TOT,6,13,,,,,100%,-28.6,-30.5,0,1,3,0,0,0,0,2,grantpa01,1999
Ed Gray 1999,SG,23,ATL,30,337,2%,90%,9%,,,-12.5,-19.0,15,4,10,5,15,24,5,13,grayed01,1999
A.C. Green 1999,PF,35,DAL,50,924,,1%,62%,38%,,-5.9,-4.5,12,1,23,3,21,54,9,17,greenac01,1999
Litterial Green 1999,PG,28,CLE,1,2,100%,,,,,-33.3,-27.5,0,0,0,0,0,0,0,0,greenli01,1999
Tom Gugliotta 1999,PF,29,PHO,43,1563,,,,55%,45%,2.8,6.1,44,22,58,11,78,273,14,42,guglito01,1999
Tom Hammonds 1999,PF,31,MIN,49,716,,,32%,65%,3%,-2.2,-2.9,12,7,47,7,40,45,9,19,hammoto01,1999
Anfernee Hardaway 1999,SG,27,ORL,50,1944,36%,64%,,,,2.1,3.1,94,29,53,7,89,587,21,27,hardaan01,1999
Tim Hardaway 1999,PG,32,MIA,48,1772,100%,,,,,8.5,4.0,86,23,33,8,45,754,10,17,hardati01,1999
Derek Harper 1999,PG,37,LAL,45,1120,96%,4%,,,,-1.7,-9.5,37,5,12,2,6,400,1,6,harpede01,1999
Ron Harper 1999,SG,35,CHI,35,1107,,52%,48%,,,-5.2,11.0,32,18,37,4,45,254,4,25,harpero01,1999
Matt Harpring 1999,SF,22,ORL,50,1114,,8%,90%,2%,,-0.7,-4.0,32,17,40,9,54,97,13,29,harprma01,1999
Al Harrington 1999,PF,18,IND,21,160,,,33%,66%,1%,-8.0,-13.4,6,2,11,2,7,10,1,9,harrial01,1999
Othella Harrington 1999,PF,25,HOU,41,903,,,3%,67%,31%,4.0,2.2,13,17,42,13,54,35,15,34,harriot01,1999
Lucious Harris 1999,SG,28,NJN,36,602,10%,66%,25%,,,3.6,9.7,7,6,29,2,19,70,1,12,harrilu01,1999
Hersey Hawkins 1999,SG,32,SEA,50,1644,4%,93%,3%,,,2.7,9.6,45,22,40,4,51,268,7,17,hawkihe01,1999
Michael Hawkins 1999,PG,26,SAC,24,203,100%,,,,,0.7,1.0,8,4,5,0,1,62,1,2,hawkimi01,1999
Alan Henderson 1999,SF,26,ATL,38,1142,,,71%,29%,,-2.0,-11.0,24,16,49,6,65,62,12,48,hendeal01,1999
Cedric Henderson 1999,SF,23,CLE,50,1517,,,89%,10%,,-8.3,-6.9,44,17,48,7,39,235,5,32,hendece02,1999
J.R. Henderson 1999,SF,22,VAN,30,331,,29%,70%,,,-9.9,-0.7,5,3,12,2,20,51,1,15,hendejr01,1999
Mark Hendrickson 1999,PF,24,NJN,22,399,,,,99%,1%,-3.8,0.0,4,6,24,0,17,32,0,10,hendrma01,1999
Steve Henson 1999,PG,30,DET,4,25,100%,,,,,-3.1,-5.8,2,0,0,0,1,6,0,0,hensost01,1999
Carl Herrera 1999,PF,32,TOT,28,307,,,,92%,8%,-8.0,-0.1,6,3,18,4,6,8,1,2,herreca01,1999
Grant Hill* 1999,SF,26,DET,50,1852,,,92%,8%,,3.8,5.3,88,48,48,18,164,705,38,53,hillgr01,1999
Tyrone Hill 1999,PF,30,TOT,38,1104,,,3%,76%,21%,0.0,-4.2,12,15,62,15,59,76,10,24,hillty01,1999
Fred Hoiberg 1999,SG,26,IND,12,87,6%,94%,,,,-3.3,-8.1,2,1,8,0,0,8,0,3,hoibefr01,1999
Jerald Honeycutt 1999,PF,24,TOT,16,102,,,45%,48%,7%,-12.7,-16.3,4,3,8,1,3,6,0,4,honeyje01,1999
Jeff Hornacek 1999,SG,35,UTA,48,1435,,100%,,,,11.8,11.4,49,19,37,6,36,395,7,23,hornaje01,1999
Robert Horry 1999,PF,28,LAL,38,744,,,11%,87%,2%,10.3,10.2,28,8,42,6,12,128,4,6,horryro01,1999
Allan Houston 1999,SG,27,NYK,50,1815,,91%,9%,,,2.9,1.0,60,29,50,16,69,299,17,38,houstal01,1999
Juwan Howard 1999,SF,25,WAS,36,1430,,,40%,59%,1%,-2.6,0.0,38,20,55,17,61,232,17,28,howarju01,1999
Troy Hudson 1999,PG,22,LAC,25,524,100%,,,,,-7.2,2.8,22,7,9,2,16,196,3,10,hudsotr01,1999
Larry Hughes 1999,PG,20,PHI,50,988,54%,46%,,,,1.5,-1.9,37,19,47,4,62,157,4,48,hughela01,1999
Lindsey Hunter 1999,PG,28,DET,49,1755,100%,,,,,4.5,7.0,57,22,41,3,28,426,6,19,hunteli01,1999
Zydrunas Ilgauskas 1999,C,23,CLE,5,171,,,,,100%,-3.8,2.2,1,0,13,1,11,10,0,4,ilgauzy01,1999
Allen Iverson* 1999,SG,23,PHI,48,1990,7%,82%,11%,,,4.0,7.9,81,40,32,11,163,458,31,55,iversal01,1999
Bobby Jackson 1999,PG,25,MIN,50,941,90%,10%,,,,-2.7,-4.1,45,16,25,1,30,350,9,16,jacksbo01,1999
Jaren Jackson 1999,SG,31,SAS,47,861,,93%,7%,,,13.2,5.3,25,6,30,1,11,104,1,11,jacksja01,1999
Jim Jackson 1999,SG,28,POR,49,1175,,80%,20%,,,9.5,6.1,49,12,27,6,36,282,8,19,jacksji01,1999
Mark Jackson 1999,PG,33,IND,49,1382,97%,3%,,,,7.2,6.2,73,13,21,8,24,870,9,23,jacksma01,1999
Randell Jackson 1999,PF,23,WAS,27,271,,,7%,73%,21%,-9.2,-7.4,7,7,18,1,18,18,8,10,jacksra02,1999
Sam Jacobson 1999,PG,23,LAL,2,12,,100%,,,,28.7,25.4,0,0,0,1,1,0,0,1,jacobsa01,1999
Jerome James 1999,C,23,SAC,16,42,,,,,100%,-13.8,-13.8,1,3,4,5,5,3,2,4,jamesje01,1999
Antawn Jamison 1999,SF,22,GSW,47,1058,,1%,98%,1%,,-2.3,0.6,28,22,51,8,63,74,15,35,jamisan01,1999
Anthony Johnson 1999,PG,24,ATL,49,885,70%,31%,,,,-1.2,-7.8,41,9,26,6,32,236,4,13,johnsan02,1999
Avery Johnson 1999,PG,33,SAS,50,1672,100%,,,,,10.1,0.8,72,24,32,6,29,777,10,24,johnsav01,1999
Eddie Johnson 1999,SF,39,HOU,3,18,,,45%,55%,,-23.5,-26.4,2,0,2,0,0,2,0,1,johnsed03,1999
Ervin Johnson 1999,C,31,MIL,50,1027,,,,,100%,0.0,-6.9,13,12,86,7,52,40,13,15,johnser02,1999
Larry Johnson 1999,PF,29,NYK,49,1639,,,60%,39%,,4.7,6.5,29,24,85,11,72,263,20,37,johnsla02,1999
Charles Jones 1999,SG,23,CHI,29,476,53%,43%,5%,,,-13.8,-3.2,17,3,14,1,10,90,0,8,jonesch03,1999
Damon Jones 1999,PG,22,TOT,24,344,61%,39%,,,,-3.2,0.1,12,3,8,0,7,90,0,6,jonesda01,1999
Eddie Jones 1999,SF-SG,27,TOT,50,1881,,50%,50%,1%,,6.3,6.5,51,15,49,8,109,399,18,37,jonesed02,1999
Popeye Jones 1999,PF,28,BOS,18,206,,,13%,71%,16%,2.4,5.8,3,2,15,1,6,34,3,3,jonespo01,1999
Adonis Jordan 1999,PG,28,MIL,4,18,84%,16%,,,,-36.9,-41.2,1,1,0,0,1,7,0,0,jordaad01,1999
Reggie Jordan 1999,SG,31,MIN,27,296,17%,80%,3%,,,2.2,2.6,9,1,16,0,14,86,0,9,jordare01,1999
Adam Keefe 1999,PF,28,UTA,44,642,,,75%,26%,,4.1,-4.2,20,4,23,4,33,59,5,18,keefead01,1999
Shawn Kemp 1999,PF,29,CLE,42,1475,,,,64%,36%,-4.3,4.0,31,27,73,30,147,214,32,88,kempsh01,1999
Jonathan Kerner 1999,C,24,ORL,1,5,,,,100%,,-2.5,-4.0,0,0,2,0,0,0,0,0,kernejo01,1999
Steve Kerr 1999,PG,33,SAS,44,734,59%,41%,,,,6.4,-4.9,14,7,15,0,4,104,0,3,kerrst01,1999
Jerome Kersey 1999,SF,36,SAS,45,699,,3%,85%,12%,,8.4,-2.0,15,6,42,3,4,88,0,10,kerseje01,1999
Jason Kidd* 1999,PG,25,PHO,50,2060,100%,,,,,3.9,23.0,99,32,44,4,78,1188,26,25,kiddja01,1999
Chris King 1999,SF,29,UTA,8,42,,,100%,,,-16.6,-24.3,1,0,3,1,2,3,0,1,kingch01,1999
Gerard King 1999,SF,26,SAS,19,63,,,1%,97%,2%,7.4,-2.5,1,2,5,1,6,12,1,1,kingge02,1999
Kerry Kittles 1999,SG,24,NJN,46,1570,7%,91%,2%,,,-7.9,-12.3,29,19,34,7,51,253,15,41,kittlke01,1999
Joe Kleine 1999,C,37,PHO,31,374,,,,2%,98%,-9.0,-11.4,7,3,27,0,5,26,0,6,kleinjo01,1999
Brevin Knight 1999,PG,23,CLE,39,1186,100%,,,,,-4.5,2.7,69,21,44,2,28,643,3,24,knighbr01,1999
Negele Knight 1999,PG,31,TOR,6,56,86%,14%,,,,-14.8,-13.6,4,2,3,0,1,16,0,1,knighne01,1999
Travis Knight 1999,C,24,LAL,37,525,,,,76%,24%,1.9,-1.9,16,3,47,12,15,70,5,2,knightr01,1999
Toni Kukoč 1999,SF,30,CHI,44,1654,,,65%,35%,,-5.7,17.3,74,31,40,7,80,508,19,42,kukocto01,1999
Christian Laettner 1999,PF,29,DET,16,337,,,,32%,68%,0.2,-2.8,9,3,10,3,19,52,0,6,laettch01,1999
Raef LaFrentz 1999,C,22,DEN,12,387,,,,,100%,-9.0,-3.0,4,1,17,2,19,19,2,12,lafrera01,1999
Andrew Lang 1999,C,32,CHI,21,386,,,,2%,98%,-8.6,3.1,2,2,19,5,10,31,1,12,langan01,1999
Antonio Lang 1999,PF,26,CLE,10,65,,,19%,81%,,-20.9,-15.5,0,0,6,1,3,2,1,1,langan02,1999
Rusty LaRue 1999,PG,25,CHI,43,732,85%,15%,,,,-10.6,0.8,26,6,33,0,4,137,0,7,larueru01,1999
Tim Legler 1999,SG,32,WAS,30,377,,94%,6%,,,-3.6,-1.2,6,4,17,3,3,47,2,8,legleti01,1999
Voshon Lenard 1999,SG,25,MIA,12,190,5%,67%,28%,,,-12.9,-22.0,4,2,10,0,3,22,0,4,lenarvo01,1999
Rashard Lewis 1999,SF,19,SEA,20,145,,61%,37%,2%,,-14.4,-15.0,10,2,8,1,6,8,2,8,lewisra02,1999
Randy Livingston 1999,PG,23,PHO,1,22,58%,42%,,,,13.6,13.1,0,1,0,0,1,6,0,0,livinra01,1999
Grant Long 1999,PF,32,ATL,50,1380,,,39%,57%,4%,8.9,11.8,24,13,55,21,81,115,11,25,longgr01,1999
Luc Longley 1999,C,30,PHO,39,933,,,,,100%,4.2,5.8,24,9,66,11,37,92,8,26,longllu01,1999
Felipe López 1999,SG,24,VAN,47,1218,,99%,1%,,,-8.7,1.2,37,19,49,6,63,128,11,37,lopezfe01,1999
Tyronn Lue 1999,PG,21,LAL,15,188,100%,,,,,1.2,-2.4,7,2,6,0,9,55,3,6,luety01,1999
George Lynch 1999,SF,28,PHI,43,1315,,,83%,17%,,6.0,7.4,43,13,61,13,37,157,8,30,lynchge01,1999
Sam Mack 1999,SF,28,TOT,44,1083,,78%,22%,,,-2.5,1.1,11,11,51,4,16,122,3,17,macksa01,1999
Don MacLean 1999,PF,29,SEA,17,365,,,16%,79%,5%,-9.1,-10.3,5,12,22,2,36,33,6,13,macledo01,1999
Mark Macon 1999,SG,29,DET,7,69,72%,29%,,,,6.7,4.2,6,0,3,0,0,9,0,0,maconma01,1999
Rick Mahorn 1999,PF,40,PHI,16,127,,,1%,56%,43%,-15.9,-19.5,3,2,12,0,2,4,0,2,mahorri01,1999
Dan Majerle 1999,SG,33,MIA,48,1624,,58%,42%,,,9.4,6.2,36,11,30,4,17,340,3,8,majerda01,1999
Karl Malone* 1999,PF,35,UTA,49,1832,,,,93%,7%,10.4,13.0,86,21,54,30,194,427,52,44,malonka01,1999
Matt Maloney 1999,PG,27,HOU,15,186,87%,11%,2%,,,-4.6,-7.9,9,3,3,0,0,46,0,0,malonma01,1999
Danny Manning 1999,PF,32,PHO,50,1184,,,10%,60%,30%,-0.1,-1.4,39,7,58,12,44,242,8,13,mannida01,1999
Stephon Marbury 1999,PG,21,TOT,49,1895,97%,3%,,,,2.9,7.9,97,35,45,18,119,932,21,68,marbust01,1999
Sean Marks 1999,PF,23,TOR,8,28,,,11%,39%,50%,-48.0,-47.1,0,0,1,1,1,0,0,0,marksse01,1999
Donyell Marshall 1999,SF,25,GSW,48,1250,,,38%,62%,,-0.5,4.4,27,25,67,8,48,142,9,32,marshdo01,1999
Darrick Martin 1999,PG,27,LAC,37,941,100%,,,,,-10.0,-0.9,39,7,30,5,28,315,8,12,martida01,1999
Jamal Mashburn 1999,SF,26,MIA,24,855,,,56%,44%,,10.5,4.8,29,14,26,8,43,172,10,19,mashbja01,1999
Tony Massenburg 1999,PF,31,VAN,43,1143,,,,68%,32%,-9.5,-0.3,15,21,61,6,72,52,13,36,masseto01,1999
Vernon Maxwell 1999,SG,33,SAC,46,1007,37%,62%,1%,,,2.7,4.9,35,13,36,8,45,168,13,9,maxweve01,1999
Lee Mayberry 1999,PG,28,VAN,9,126,97%,4%,,,,-9.8,-0.5,8,0,4,0,1,50,1,0,maybele01,1999
Kelly McCarty 1999,SG,23,DEN,2,4,,50%,50%,,,4.4,10.9,0,0,0,0,0,0,0,0,mccarke01,1999
Walter McCarty 1999,PF,24,BOS,32,659,,,6%,87%,8%,1.3,5.7,20,7,45,2,26,90,7,11,mccarwa01,1999
George McCloud 1999,SF,31,PHO,48,1245,,58%,41%,,,-1.2,-3.9,33,7,53,5,31,167,4,11,mccloge01,1999
Jelani McCoy 1999,C,21,SEA,26,331,,,,34%,66%,-6.1,-6.7,4,3,22,2,19,8,4,8,mccoyje01,1999
Antonio McDyess 1999,C,24,DEN,50,1937,,,1%,25%,74%,-5.9,2.9,42,37,87,21,142,195,33,49,mcdyean01,1999
Tracy McGrady* 1999,SF,19,TOR,49,1106,,7%,83%,10%,,-0.9,1.1,43,15,47,5,67,253,10,26,mcgratr01,1999
Jim McIlvaine 1999,C,26,NJN,22,269,,,,,100%,-3.0,0.8,4,3,30,4,4,5,3,4,mcilvji01,1999
Jeff McInnis 1999,PG,24,WAS,35,427,89%,12%,,,,-8.2,-6.7,18,7,7,2,8,156,0,6,mcinnje01,1999
Derrick McKey 1999,SF,32,IND,13,244,,,64%,36%,,10.6,6.7,6,6,13,0,8,30,1,5,mckeyde01,1999
Aaron McKie 1999,SG,26,PHI,50,959,1%,34%,65%,1%,,-1.3,-6.4,36,11,41,2,18,211,2,6,mckieaa01,1999
Roshown McLeod 1999,SF,23,ATL,34,348,,1%,96%,3%,,-5.1,-10.4,8,10,14,2,17,32,1,14,mcleoro01,1999
Ron Mercer 1999,SG,22,BOS,41,1551,1%,85%,15%,,,-6.1,-9.1,37,26,35,8,49,242,8,27,mercero01,1999
Loren Meyer 1999,C,26,DEN,14,70,,,,17%,83%,-4.0,2.5,2,0,15,1,0,2,0,2,meyerlo01,1999
Marko Milič 1999,SG,21,PHO,11,53,12%,68%,6%,14%,,-23.0,-24.3,1,2,0,0,0,2,0,2,milicma01,1999
Anthony Miller 1999,PF,27,HOU,29,249,,,16%,66%,19%,6.6,4.5,3,3,17,0,9,17,4,5,millean01,1999
Brad Miller 1999,C,22,CHH,38,469,,,,,100%,7.5,7.8,16,7,32,4,42,51,6,26,millebr01,1999
Oliver Miller 1999,C,28,SAC,4,35,,,,,100%,-17.5,-17.4,4,0,2,0,0,0,0,2,milleol01,1999
Reggie Miller* 1999,SG,33,IND,50,1787,2%,98%,1%,,,5.9,5.2,30,21,28,13,64,247,15,21,millere01,1999
Chris Mills 1999,SF,29,GSW,47,1395,,37%,63%,,,-2.9,-0.6,25,9,46,10,28,214,10,14,millsch01,1999
Terry Mills 1999,PF,31,MIA,1,29,,,,35%,65%,-16.9,-24.7,1,0,2,1,1,0,0,1,millste01,1999
Greg Minor 1999,SG,27,BOS,44,765,,93%,7%,,,5.5,12.2,19,11,39,1,15,106,2,20,minorgr01,1999
Sam Mitchell 1999,SF,35,MIN,50,1344,,62%,38%,,,-1.8,-3.6,15,8,55,4,60,202,10,21,mitchsa01,1999
Cuttino Mobley 1999,PG,23,HOU,49,1456,72%,27%,1%,,,3.9,3.3,37,19,41,5,34,268,6,26,moblecu01,1999
Nazr Mohammed 1999,C,21,PHI,26,121,,,,28%,72%,16.6,14.8,3,3,10,4,7,5,1,8,mohamna01,1999
Eric Montross 1999,C,27,DET,46,577,,,,,100%,1.9,-0.9,4,3,55,6,11,30,3,5,montrer01,1999
Mikki Moore 1999,C,23,DET,2,6,,,,100%,,86.7,84.3,0,0,0,0,0,0,0,0,mooremi01,1999
Chris Morris 1999,SF,33,PHO,44,535,,28%,68%,4%,,-4.6,-6.7,14,3,31,0,19,38,3,8,morrich01,1999
Alonzo Mourning* 1999,C,28,MIA,46,1753,,,,,100%,12.4,18.2,37,31,78,27,172,175,33,42,mournal01,1999
Chris Mullin* 1999,SF,35,IND,50,1179,,12%,88%,,,7.5,5.6,25,19,45,9,41,181,7,23,mullich01,1999
Eric Murdock 1999,PG,30,NJN,15,401,100%,,,,,-2.9,1.0,18,5,5,0,9,141,2,6,murdoer01,1999
Gheorghe Mureșan 1999,C,27,NJN,1,1,,,,,100%,-200.0,-196.4,1,0,0,0,0,0,0,0,muresgh01,1999
Lamond Murray 1999,SF,25,LAC,50,1317,,1%,67%,33%,,-12.3,-6.2,39,22,50,17,59,135,9,29,murrala01,1999
Tracy Murray 1999,SF,27,WAS,36,653,,1%,84%,14%,,-6.1,-4.7,8,9,26,5,15,60,1,10,murratr01,1999
Dikembe Mutombo* 1999,C,32,ATL,50,1829,,,,,100%,7.0,13.0,15,25,69,23,102,129,19,24,mutomdi01,1999
Makhtar N'Diaye 1999,PF,25,VAN,4,27,,,,79%,22%,-20.9,-11.6,1,0,6,0,0,2,0,0,ndiayma01,1999
Steve Nash* 1999,PG,24,DAL,40,1269,94%,6%,,,,-1.1,4.1,65,8,42,6,6,473,3,14,nashst01,1999
Tyrone Nesby 1999,SF,23,LAC,50,1288,1%,28%,71%,,,-5.3,8.8,16,13,75,7,61,183,16,20,nesbyty01,1999
Rasho Nesterović 1999,C,22,MIN,2,30,,,,,100%,1.6,1.8,0,0,5,0,0,3,0,0,nestera01,1999
Johnny Newman 1999,SF,35,CLE,50,949,,3%,94%,4%,,-3.1,4.4,18,9,43,7,36,89,7,19,newmajo01,1999
Moochie Norris 1999,PG,25,SEA,12,140,100%,,,,,-5.7,-5.7,8,5,8,2,5,51,0,2,norrimo01,1999
Dirk Nowitzki 1999,PF,20,DAL,47,958,,,4%,70%,25%,-1.5,2.6,38,6,53,10,56,108,13,22,nowitdi01,1999
Charles O'Bannon 1999,SG,23,DET,18,165,13%,74%,13%,,,8.2,6.0,3,2,14,1,4,27,0,4,obannch01,1999
Jermaine O'Neal 1999,PF,20,POR,36,311,,,,59%,42%,-6.2,-14.5,3,2,21,4,17,30,1,11,onealje01,1999
Shaquille O'Neal* 1999,C,26,LAL,49,1705,,,,,100%,6.4,10.0,45,26,100,15,216,268,66,23,onealsh01,1999
Charles Oakley 1999,PF,35,TOR,50,1633,,,1%,78%,20%,-0.5,3.1,76,11,102,1,21,371,3,13,oaklech01,1999
Hakeem Olajuwon* 1999,C,36,HOU,50,1784,,,,,100%,2.1,-2.1,46,42,87,8,103,219,17,32,olajuha01,1999
Jimmy Oliver 1999,SG,29,PHO,2,11,,100%,,,,-19.0,-19.8,0,0,1,0,0,0,0,0,oliveji01,1999
Kevin Ollie 1999,PG,26,TOT,8,72,82%,18%,,,,-6.5,-7.1,1,1,3,1,3,6,1,2,ollieke01,1999
Michael Olowokandi 1999,C,23,LAC,45,1279,,,,1%,99%,-11.6,-4.6,28,16,62,16,53,61,14,40,olowomi01,1999
Greg Ostertag 1999,C,25,UTA,48,1340,,,,,100%,12.7,12.0,12,13,97,4,51,50,7,37,ostergr01,1999
Bo Outlaw 1999,PF,27,ORL,31,851,,,71%,29%,,-0.6,-3.1,30,8,36,5,42,124,14,18,outlabo01,1999
Doug Overton 1999,PG,29,TOT,24,244,81%,19%,,,,-5.5,-5.7,13,4,7,0,8,50,1,8,overtdo01,1999
Billy Owens 1999,SF,29,SEA,21,451,,25%,65%,11%,,-1.1,-0.9,11,8,19,2,17,85,6,13,owensbi01,1999
Robert Pack 1999,PG,29,DAL,25,468,100%,,,,,-9.2,-7.7,33,3,11,7,28,174,7,20,packro01,1999
Anthony Parker 1999,SG,23,PHI,2,3,,15%,85%,,,33.3,30.8,0,0,0,0,0,0,0,0,parkean01,1999
Cherokee Parks 1999,C,26,VAN,48,1118,,,,21%,79%,-11.7,-4.3,26,6,66,5,24,77,5,10,parksch02,1999
Andrae Patterson 1999,PF,23,MIN,35,284,,,24%,54%,23%,-0.8,-0.7,9,4,31,5,15,33,4,8,pattean01,1999
Ruben Patterson 1999,SF,23,LAL,24,144,,47%,53%,,,-4.0,-7.8,5,3,5,1,11,4,3,5,patteru01,1999
Gary Payton* 1999,PG,30,SEA,50,2008,90%,10%,,,,1.1,8.5,76,28,30,21,94,1004,27,43,paytoga01,1999
Anthony Peeler 1999,SG,29,MIN,28,810,,98%,2%,,,3.0,4.8,23,7,27,4,19,160,2,11,peelean01,1999
Will Perdue 1999,C,33,SAS,37,445,,,,3%,97%,6.6,-4.0,12,3,36,3,10,39,2,9,perduwi01,1999
Sam Perkins 1999,PF,37,IND,48,789,,,,19%,81%,1.7,-4.2,12,4,40,1,26,57,4,8,perkisa01,1999
Elliot Perry 1999,PG,29,TOT,35,290,100%,,,,,-9.2,-9.9,19,9,6,1,4,109,2,10,perryel01,1999
Chuck Person 1999,SF,34,CHH,50,990,,,78%,21%,,-0.7,-3.2,25,6,45,1,10,129,2,8,persoch01,1999
Wesley Person 1999,SG,27,CLE,45,1342,,92%,8%,,,-9.5,-8.4,28,9,25,2,14,154,5,19,persowe01,1999
Bobby Phills 1999,SG,29,CHH,43,1574,,89%,10%,,,4.1,8.2,47,25,62,11,58,335,11,30,phillbo01,1999
Eric Piatkowski 1999,SG,28,LAC,49,1242,,98%,2%,,,-8.3,2.4,33,8,50,3,34,111,5,19,piatker01,1999
Paul Pierce 1999,SF,21,BOS,48,1632,,3%,97%,,,-2.5,0.9,44,36,60,11,77,249,16,49,piercpa01,1999
Scottie Pippen* 1999,SF,33,HOU,50,2011,,3%,96%,1%,,1.8,-5.2,101,25,55,15,74,640,12,29,pippesc01,1999
Scot Pollard 1999,C,23,SAC,16,259,,,,66%,34%,10.9,12.5,3,0,26,0,9,8,1,3,pollasc01,1999
Olden Polynice 1999,C,34,SEA,48,1481,,,,7%,93%,-2.3,-4.8,16,11,58,13,37,104,10,19,polynol01,1999
Mark Pope 1999,SF,26,IND,4,26,,,47%,53%,,-2.2,-6.8,0,0,1,0,1,0,1,0,popema01,1999
Terry Porter 1999,PG,35,MIA,50,1365,40%,60%,,,,5.4,-4.6,50,9,39,7,39,325,5,11,portete01,1999
Vitaly Potapenko 1999,C,23,TOT,50,1394,,,,2%,98%,-0.4,5.4,26,29,82,13,60,171,10,32,potapvi01,1999
Brent Price 1999,PG,30,HOU,40,806,100%,,,,,2.2,-0.7,35,12,37,7,11,253,2,8,pricebr01,1999
Theo Ratliff 1999,PF,25,PHI,50,1627,,,,60%,40%,2.1,-1.4,26,24,64,18,97,63,13,31,ratlith01,1999
Eldridge Recasner 1999,PG,31,CHH,44,708,44%,56%,,,,-3.1,-6.0,29,7,22,7,12,198,3,10,recasel01,1999
Bryant Reeves 1999,C,25,VAN,25,702,,,,,100%,-11.1,-2.4,12,13,49,15,41,81,8,35,reevebr01,1999
Khalid Reeves 1999,PG,26,DET,11,112,87%,13%,,,,-0.9,-3.7,5,1,4,0,4,23,0,2,reevekh01,1999
Don Reid 1999,PF,25,DET,47,935,,,,71%,29%,4.9,3.8,18,8,90,5,40,74,7,22,reiddo01,1999
J.R. Reid 1999,PF,30,TOT,41,1029,,,1%,81%,18%,-0.3,-3.3,23,6,72,11,36,117,3,10,reidjr01,1999
Shawn Respert 1999,SG,26,PHO,12,99,44%,56%,,,,-8.7,-9.8,1,1,3,1,4,16,1,1,respesh01,1999
Rodrick Rhodes 1999,SG-SF,25,TOT,13,156,,75%,25%,,,-28.4,-25.9,13,0,6,3,7,22,1,8,rhodero01,1999
Glen Rice 1999,SF,31,LAL,27,985,,21%,79%,,,3.9,0.9,23,8,40,7,28,144,8,15,ricegl01,1999
Pooh Richardson 1999,PG,32,LAC,11,130,90%,10%,,,,-12.8,-3.6,6,3,1,0,2,68,0,0,richapo01,1999
Mitch Richmond* 1999,SG,33,WAS,50,1912,,92%,8%,,,-3.0,-1.5,61,35,54,14,114,255,26,43,richmmi01,1999
Isaiah Rider 1999,SG,27,POR,47,1385,,98%,2%,,,0.5,-13.7,44,22,30,12,57,218,15,30,rideris01,1999
Eric Riley 1999,C,28,BOS,35,337,,,,,100%,2.5,6.1,7,10,32,3,14,31,3,4,rileyer01,1999
Stanley Roberts 1999,C,28,HOU,6,33,,,,,100%,26.3,24.0,2,1,1,0,3,0,0,2,roberst01,1999
Clifford Robinson 1999,SF,32,PHO,50,1740,,1%,77%,22%,1%,3.3,9.3,53,14,80,6,103,282,22,34,robincl02,1999
David Robinson* 1999,C,33,SAS,49,1554,,,,,100%,11.4,4.4,53,16,76,11,154,226,29,26,robinda01,1999
Glenn Robinson 1999,SF,26,MIL,47,1579,,,58%,40%,2%,7.7,10.8,52,24,59,10,61,223,12,38,robingl01,1999
James Robinson 1999,PG,28,TOT,31,506,33%,64%,3%,,,-9.3,-5.1,30,8,25,2,13,123,5,9,robinja02,1999
Dennis Rodman* 1999,PF,37,LAL,23,657,,,10%,90%,,-1.9,-7.2,22,1,25,2,6,65,1,4,rodmade01,1999
Carlos Rogers 1999,PF,27,POR,2,8,,,22%,18%,61%,43.8,37.5,0,0,2,0,2,4,0,0,rogerca01,1999
Rodney Rogers 1999,SF,27,LAC,47,968,,23%,59%,18%,,-9.3,0.3,34,13,71,11,39,174,7,28,rogerro01,1999
Sean Rooks 1999,C,29,LAL,36,315,,,,24%,76%,-8.2,-13.4,9,5,37,2,19,20,4,13,rooksse01,1999
Jalen Rose 1999,SF,26,IND,49,1238,,33%,67%,,,3.9,-1.4,35,16,52,12,58,208,8,27,roseja01,1999
Malik Rose 1999,PF,24,SAS,47,608,,,,94%,6%,8.4,-1.9,21,12,57,9,63,67,14,27,rosema01,1999
Bryon Russell 1999,SF,28,UTA,50,1770,,1%,98%,1%,,9.7,9.0,39,13,76,14,64,157,8,21,russebr01,1999
Arvydas Sabonis* 1999,C,34,POR,50,1349,,,,,100%,4.1,-5.1,50,8,75,16,75,267,19,32,sabonar01,1999
Jason Sasser 1999,SF,25,VAN,6,39,,,100%,,,-8.4,1.0,2,0,2,0,1,5,0,3,sasseja01,1999
Danny Schayes 1999,C,39,ORL,19,143,,,,5%,95%,9.2,8.2,1,3,11,4,1,10,0,2,schayda01,1999
Dwayne Schintzius 1999,C,30,BOS,16,67,,,,,100%,-27.7,-25.6,4,2,15,1,1,18,0,1,schindw01,1999
Detlef Schrempf 1999,SF,36,SEA,50,1765,,,55%,43%,1%,3.4,13.5,61,16,70,7,74,407,10,21,schrede01,1999
Dennis Scott 1999,SF,30,TOT,36,738,,12%,82%,6%,,-0.6,-2.1,11,3,26,2,9,86,1,4,scottde01,1999
Malik Sealy 1999,SF,28,MIN,31,731,,27%,68%,5%,,-3.7,-5.1,17,7,39,3,21,73,4,16,sealyma01,1999
Rony Seikaly 1999,C,33,NJN,9,88,,,,3%,97%,-26.5,-23.7,3,1,10,1,5,4,0,2,seikaro01,1999
Charles Shackleford 1999,C,32,CHH,32,367,,,,18%,82%,-4.2,-6.4,9,4,36,3,11,29,1,4,shackch01,1999
Brian Shaw 1999,PG,32,POR,1,5,15%,85%,,,,-33.3,-39.8,1,0,0,0,0,2,0,0,shawbr01,1999
Casey Shaw 1999,C,23,PHI,9,14,,,,,100%,-9.4,-12.1,2,0,2,0,0,0,0,2,shawca01,1999
Jeff Sheppard 1999,SG,24,ATL,18,185,10%,89%,,,,0.9,-3.1,4,1,6,1,2,37,1,4,sheppje01,1999
Miles Simon 1999,SG,23,ORL,5,19,9%,90%,1%,,,-32.4,-34.2,2,1,1,0,0,0,0,1,simonmi01,1999
Dickey Simpkins 1999,C,26,CHI,50,1448,,,,15%,85%,-10.9,0.8,30,22,64,7,105,137,14,46,simpkdi01,1999
Alvin Sims 1999,SG,24,PHO,4,25,82%,18%,,,,-36.2,-37.4,3,1,0,0,2,11,1,2,simsal01,1999
Brian Skinner 1999,PF,22,LAC,21,258,,,8%,85%,7%,0.8,11.5,6,8,7,3,14,2,3,10,skinnbr01,1999
Reggie Slater 1999,PF,28,TOR,30,263,,,9%,72%,20%,-6.4,-5.5,3,6,22,9,37,10,1,14,slatere01,1999
Charles Smith 1999,SG,23,LAC,23,317,2%,98%,,,,-15.3,-6.7,10,4,20,2,7,30,0,7,smithch04,1999
Joe Smith 1999,C,23,MIN,43,1418,,,,50%,50%,0.8,2.4,23,18,79,6,84,144,18,60,smithjo02,1999
Michael Smith 1999,PF,26,VAN,48,1098,,,2%,97%,1%,-7.3,3.8,20,15,61,6,52,106,8,20,smithmi02,1999
Steve Smith 1999,SG,29,ATL,36,1314,,93%,7%,,,11.2,16.3,38,29,24,14,55,257,9,25,smithst01,1999
Rik Smits 1999,C,32,IND,49,1271,,,,,100%,7.0,5.3,33,16,79,10,53,121,12,27,smitsri01,1999
Eric Snow 1999,PG,25,PHI,48,1716,100%,,,,,4.2,5.5,76,17,73,8,57,636,8,25,snower01,1999
Felton Spencer 1999,C,31,GSW,26,159,,,,,100%,-0.1,2.8,3,2,17,3,12,0,2,4,spencfe01,1999
Latrell Sprewell 1999,SF,28,NYK,37,1233,,15%,84%,1%,,-0.9,-7.1,33,24,25,5,77,209,12,30,sprewla01,1999
Ryan Stack 1999,PF,23,CLE,18,199,,,,19%,81%,-19.2,-14.6,3,3,18,2,7,12,1,6,stackry01,1999
Jerry Stackhouse 1999,SG,24,DET,42,1188,11%,84%,5%,,,-0.7,-6.7,43,40,23,11,80,269,12,40,stackje01,1999
John Starks 1999,SG,33,GSW,50,1686,,99%,1%,,,-2.3,1.1,45,20,53,6,27,489,3,25,starkjo01,1999
Vladimir Stepania 1999,C,22,SEA,23,313,,,,,100%,-6.2,-6.7,13,5,23,3,16,28,4,7,stepavl01,1999
Michael Stewart 1999,C,23,TOR,42,394,,,,26%,74%,-3.5,-2.4,4,3,31,4,11,12,1,5,stewami01,1999
Bryant Stith 1999,SG,28,DEN,46,1194,,23%,77%,,,-8.9,-4.8,25,9,31,1,24,189,8,10,stithbr01,1999
John Stockton* 1999,PG,36,UTA,50,1410,100%,,,,,11.6,10.5,71,20,31,13,30,785,9,23,stockjo01,1999
Peja Stojaković 1999,SF,21,SAC,48,1025,,,89%,11%,,1.5,3.0,30,13,17,0,23,157,5,18,stojape01,1999
Damon Stoudamire 1999,PG,25,POR,50,1673,100%,,,,,1.8,-15.0,56,27,34,4,27,671,6,40,stoudda01,1999
Erick Strickland 1999,SG,25,DAL,33,567,68%,31%,1%,,,-3.5,-0.6,19,5,9,0,25,142,6,15,stricer01,1999
Mark Strickland 1999,PF,28,MIA,32,357,,,16%,74%,9%,1.4,-7.1,7,3,13,0,14,20,4,9,stricma01,1999
Rod Strickland 1999,PG,32,WAS,44,1632,98%,2%,,,,-1.7,3.0,76,33,38,11,84,917,13,34,stricro02,1999
Derek Strong 1999,PF,30,ORL,44,695,,,3%,91%,6%,2.6,1.6,11,7,22,5,44,38,7,25,stronde01,1999
Bruno Šundov 1999,C,18,DAL,3,11,,,,,100%,-60.1,-57.4,0,0,2,1,0,2,0,1,sundobr01,1999
Bob Sura 1999,PG,25,CLE,50,841,86%,14%,,,,-6.4,-0.8,31,18,24,13,35,334,7,17,surabo01,1999
Johnny Taylor 1999,SF,24,DEN,36,724,,,62%,38%,,-3.6,4.1,20,3,50,2,13,51,7,12,taylojo01,1999
Maurice Taylor 1999,PF,22,LAC,46,1505,,,1%,92%,7%,-11.8,-6.3,40,30,99,23,91,154,26,55,tayloma01,1999
John Thomas 1999,C,23,TOR,39,593,,,,17%,84%,5.4,9.1,10,5,40,1,17,31,4,11,thomajo02,1999
Kurt Thomas 1999,PF,26,NYK,50,1182,,,,94%,6%,0.3,-4.5,22,12,62,23,50,120,10,25,thomaku01,1999
Tim Thomas 1999,SF,21,TOT,50,812,,,31%,65%,4%,-0.5,-4.5,19,8,59,7,46,99,5,22,thomati01,1999
Otis Thorpe 1999,PF,36,WAS,49,1539,,,3%,74%,24%,-3.6,-2.7,42,16,103,20,53,223,17,21,thorpot01,1999
Robert Traylor 1999,C,21,MIL,49,786,,,,5%,95%,9.5,8.1,4,13,64,12,35,85,8,24,traylro01,1999
Gary Trent 1999,PF,24,DAL,45,1362,,,34%,63%,3%,-0.8,5.1,24,13,74,9,108,173,25,47,trentga01,1999
Nick Van Exel 1999,PG,27,DEN,50,1802,100%,,,,,-8.3,-7.5,82,28,22,3,62,809,14,26,vanexni01,1999
Keith Van Horn 1999,PF,23,NJN,42,1576,,,5%,89%,7%,-3.6,0.3,29,51,58,10,112,144,15,89,vanhoke01,1999
David Vaughn 1999,PF,25,NJN,10,103,,,,54%,46%,3.1,7.1,3,3,15,3,6,2,0,1,vaughda02,1999
Jacque Vaughn 1999,PG,23,UTA,19,87,59%,41%,,,,-21.7,-30.1,7,3,4,2,2,24,0,1,vaughja01,1999
Loy Vaught 1999,PF,30,DET,37,481,,,,74%,26%,-1.1,-4.6,10,3,26,3,3,24,1,6,vaughlo01,1999
Stojko Vranković 1999,C,35,LAC,2,12,,,,,100%,-53.4,-44.2,0,0,1,0,0,0,0,0,vrankst01,1999
Antoine Walker 1999,PF,22,BOS,42,1549,,,13%,87%,,-6.8,-11.0,49,28,58,12,91,288,22,52,walkean02,1999
Samaki Walker 1999,PF,22,DAL,39,568,,,23%,59%,18%,-13.6,-13.8,10,5,49,8,48,12,10,16,walkesa01,1999
Ben Wallace 1999,C,24,WAS,46,1231,,,,2%,98%,2.2,9.9,10,16,73,3,59,40,10,20,wallabe01,1999
John Wallace 1999,SF,24,TOR,48,812,,,24%,74%,2%,-4.6,-4.7,24,19,42,10,73,107,12,39,wallajo01,1999
Rasheed Wallace 1999,PF,24,POR,49,1414,,,23%,77%,,9.9,8.4,40,15,85,12,82,141,17,25,wallara01,1999
Rex Walters 1999,SG,28,MIA,33,506,16%,77%,7%,,,4.2,-4.1,15,6,24,6,6,129,2,10,waltere01,1999
Charlie Ward 1999,PG,28,NYK,50,1556,100%,,,,,3.5,2.5,83,23,42,6,26,578,7,13,wardch01,1999
Eric Washington 1999,SG,24,DEN,38,761,,65%,35%,,,-5.6,1.3,18,0,43,3,13,66,4,12,washier01,1999
Jamie Watson 1999,SF,26,MIA,3,18,,22%,78%,,,38.3,31.1,1,0,0,0,0,3,0,0,watsoja01,1999
Clarence Weatherspoon 1999,SF,28,MIA,49,1040,,,47%,52%,1%,4.5,-5.1,16,15,52,11,66,77,14,27,weathcl01,1999
Chris Webber 1999,PF,25,SAC,42,1719,,,,72%,28%,1.1,4.9,81,27,73,16,84,385,22,20,webbech01,1999
Bonzi Wells 1999,SF,22,POR,7,35,,14%,81%,5%,,-7.9,-14.6,1,1,2,2,6,8,0,2,wellsbo01,1999
Bill Wennington 1999,C,35,CHI,38,451,,,,,100%,-9.3,2.3,10,5,46,1,8,40,0,7,wennibi01,1999
David Wesley 1999,PG,28,CHH,50,1848,100%,,,,,2.4,4.8,91,33,54,7,64,711,10,18,wesleda01,1999
Doug West 1999,SG,31,VAN,14,294,,87%,13%,,,-4.6,5.4,5,3,20,3,9,40,3,5,westdo01,1999
Mark West 1999,C,38,ATL,49,499,,,,4%,96%,-6.1,-12.4,5,2,49,4,16,28,1,8,westma01,1999
DeJuan Wheat 1999,PG,25,VAN,46,590,100%,,,,,-9.5,-0.2,26,13,20,1,21,218,2,8,wheatde01,1999
Tyson Wheeler 1999,PG,23,DEN,1,3,100%,,,,,66.7,73.2,0,0,0,0,1,5,0,0,wheelty01,1999
Jahidi White 1999,PF,22,WAS,20,191,,,,49%,51%,-3.0,-0.4,3,1,18,2,16,2,5,0,whiteja01,1999
Chris Whitney 1999,PG,27,WAS,39,441,100%,,,,,1.2,4.7,24,5,20,4,9,145,1,6,whitnch01,1999
Dominique Wilkins* 1999,SF,39,ORL,27,252,,,90%,10%,,1.6,0.1,10,8,6,2,21,35,6,16,wilkido01,1999
Gerald Wilkins 1999,SG,35,ORL,3,28,11%,89%,,,,-5.0,-6.5,3,0,2,0,1,2,0,2,wilkige01,1999
Aaron Williams 1999,PF,27,SEA,40,458,,1%,10%,71%,19%,-9.5,-11.4,10,7,46,7,32,50,6,11,williaa01,1999
Alvin Williams 1999,PG,24,TOR,50,1051,76%,24%,,,,-3.1,-2.9,25,14,39,3,14,276,1,10,willial02,1999
Brandon Williams 1999,SG,23,SAS,3,4,,100%,,,,-52.2,-62.2,0,0,0,0,0,0,0,0,willibr01,1999
Eric Williams 1999,SF,26,DEN,38,780,,1%,92%,8%,,-10.0,-5.2,14,15,39,9,64,77,8,23,willier01,1999
Herb Williams 1999,C,40,NYK,6,34,,,,40%,60%,1.4,-1.2,0,1,1,1,1,0,0,0,willihe01,1999
Hot Rod Williams 1999,C,36,DAL,25,403,,,1%,14%,86%,-12.2,-11.1,5,0,21,4,4,35,0,5,williho01,1999
Jason Williams 1999,PG,23,SAC,50,1805,99%,1%,,,,-1.9,-6.7,96,23,34,6,26,634,4,11,willija02,1999
Jayson Williams 1999,C,30,NJN,30,1020,,,,17%,83%,-4.7,-1.7,18,11,51,7,31,71,5,12,willija01,1999
Jerome Williams 1999,PF,25,DET,50,1154,,,1%,97%,2%,2.2,-0.7,12,8,29,9,60,49,16,27,willije01,1999
Micheal Williams 1999,PG,32,TOR,2,15,68%,32%,,,,-23.1,-21.7,0,1,0,0,0,0,0,1,willimi02,1999
Monty Williams 1999,SF,27,DEN,1,6,,,36%,64%,,-18.2,-11.7,0,0,0,0,1,0,0,0,willimo01,1999
Scott Williams 1999,C,30,TOT,7,46,,,,53%,47%,-16.3,-19.8,1,0,3,2,2,2,1,0,willisc01,1999
Shammond Williams 1999,PG,23,ATL,2,4,100%,,,,,-48.9,-52.8,0,0,0,0,0,2,0,0,willish01,1999
Travis Williams 1999,SF,29,CHH,8,62,,13%,66%,21%,,-26.0,-28.0,2,1,6,1,1,4,0,2,willitr01,1999
Walt Williams 1999,SF,28,POR,48,1044,,,95%,5%,,9.5,5.4,29,11,46,7,45,176,9,10,williwa02,1999
Corliss Williamson 1999,SF,25,SAC,50,1374,,5%,95%,,,-1.7,-3.3,29,14,52,10,93,143,19,49,willico02,1999
Kevin Willis 1999,C,36,TOR,42,1216,,,,,100%,-2.7,-2.3,26,20,47,16,61,158,7,25,willike02,1999
David Wingate 1999,SG,35,NYK,20,92,1%,74%,25%,,,14.9,12.8,2,1,1,1,0,11,0,0,wingada01,1999
Trevor Winter 1999,C,25,MIN,1,5,,,,,100%,-8.9,-8.8,0,0,5,0,0,0,0,0,wintetr01,1999
Joe Wolf 1999,PF,34,CHH,3,12,,,,41%,59%,-54.6,-56.1,0,0,3,0,0,0,0,0,wolfjo01,1999
Haywoode Workman 1999,PG,33,MIL,29,815,100%,,,,,6.8,4.3,39,15,23,2,13,371,3,7,workmha01,1999
Lorenzen Wright 1999,C,23,LAC,48,1135,,,,18%,82%,-6.6,5.3,14,8,90,13,53,75,18,34,wrighlo02,1999
Korleone Young 1999,SF,20,DET,3,15,,7%,75%,18%,,22.1,19.6,0,1,3,0,1,2,0,0,youngko01,1999
